idle_rpm,max_rpm,gear,max_gears,rpm,turbo,turboMax,input_throttle,input_brake,input_clutch,input_parkingBrake,input_steeringPercent,accY,pitchPos,wheel_speed_fl,wheel_speed_fr,wheel_speed_rl,wheel_speed_rr,suspension_position_fl,suspension_position_fr,suspension_position_rl,suspension_position_rr
1000.0,8000.0,1,3,3021.41,-0.01,40.01,0.66,0.0,0.0,0.0,-0.01,0.03,-1.03,0.21,0.16,0.04,0.05,1.64,1.65,1.32,1.35
1000.0,8000.0,1,3,3094.88,-0.02,40.01,0.69,0.0,0.0,0.0,-0.01,0.02,-1.03,0.19,0.16,0.05,0.02,1.65,1.65,1.33,1.36
1000.0,8000.0,1,3,3161.68,-0.04,40.01,0.72,0.0,0.0,0.0,-0.01,0.02,-1.03,0.15,0.16,0.05,0.03,1.65,1.65,1.34,1.36
1000.0,8000.0,1,3,3221.84,-0.06,40.01,0.76,0.0,0.0,0.0,-0.01,0.01,-1.03,0.14,0.14,0.02,0.05,1.66,1.65,1.35,1.36
1000.0,8000.0,1,3,3275.84,-0.1,40.01,0.79,0.0,0.0,0.0,-0.01,0.01,-1.03,0.11,0.12,0.0,0.06,1.66,1.65,1.36,1.36
1000.0,8000.0,1,3,3324.13,-0.15,40.01,0.83,0.0,0.0,0.0,-0.01,0.0,-1.03,0.09,0.11,0.01,0.06,1.67,1.65,1.36,1.37
1000.0,8000.0,1,3,3367.3,-0.2,40.01,0.86,0.0,0.0,0.0,-0.01,-0.0,-1.04,0.04,0.11,0.0,0.04,1.67,1.65,1.37,1.37
1000.0,8000.0,1,3,3405.55,-0.3,40.01,0.89,0.0,0.0,0.0,-0.01,-0.01,-1.04,0.02,0.09,0.02,0.04,1.67,1.65,1.37,1.37
1000.0,8000.0,1,3,3405.55,-0.3,40.01,0.89,0.0,0.0,0.0,-0.01,-0.01,-1.04,0.0,0.09,0.03,0.05,1.67,1.65,1.37,1.37
1000.0,8000.0,1,3,3439.36,-0.34,40.01,0.92,0.0,0.0,0.0,-0.0,-0.01,-1.04,0.01,0.08,0.03,0.06,1.67,1.66,1.38,1.37
1000.0,8000.0,1,3,3469.32,-0.33,40.01,0.96,0.0,0.0,0.0,-0.0,-0.02,-1.04,0.02,0.06,0.04,0.04,1.67,1.66,1.38,1.37
1000.0,8000.0,1,3,3496.28,-0.26,40.01,0.99,0.0,0.0,0.0,-0.0,-0.02,-1.04,0.04,0.04,0.05,0.04,1.66,1.66,1.38,1.37
1000.0,8000.0,1,3,3521.12,-0.08,40.01,1.0,0.0,0.0,0.0,-0.0,-0.02,-1.04,0.07,0.04,0.06,0.03,1.66,1.66,1.38,1.37
1000.0,8000.0,1,3,3545.04,0.28,40.01,1.0,0.0,0.0,0.0,-0.0,-0.03,-1.04,0.08,0.0,0.05,0.02,1.66,1.66,1.38,1.37
1000.0,8000.0,1,3,3569.2,0.78,40.01,1.0,0.0,0.0,0.0,-0.0,-0.03,-1.04,0.11,0.0,0.06,0.01,1.66,1.66,1.39,1.37
1000.0,8000.0,1,3,3594.31,1.28,40.01,1.0,0.0,0.0,0.0,-0.0,-0.04,-1.04,0.11,0.04,0.05,0.01,1.66,1.66,1.39,1.37
1000.0,8000.0,1,3,3620.86,1.78,40.01,1.0,0.0,0.0,0.0,-0.0,-0.04,-1.04,0.13,0.07,0.06,0.0,1.66,1.66,1.39,1.37
1000.0,8000.0,1,3,3649.27,2.78,40.01,1.0,0.0,0.0,0.0,-0.0,-0.04,-1.03,0.13,0.09,0.06,0.01,1.66,1.66,1.39,1.37
1000.0,8000.0,1,3,3679.33,3.28,40.01,1.0,0.0,0.0,0.0,-0.0,-0.04,-1.03,0.14,0.11,0.05,0.04,1.66,1.65,1.39,1.37
1000.0,8000.0,1,3,3711.56,3.78,40.01,1.0,0.0,0.0,0.0,-0.0,-0.05,-1.03,0.14,0.14,0.05,0.04,1.67,1.65,1.39,1.37
1000.0,8000.0,1,3,3745.95,4.28,40.01,1.0,0.0,0.0,0.0,-0.0,-0.05,-1.03,0.15,0.16,0.05,0.06,1.67,1.65,1.39,1.37
1000.0,8000.0,1,3,3745.95,4.28,40.01,1.0,0.0,0.0,0.0,-0.0,-0.05,-1.03,0.14,0.18,0.04,0.07,1.67,1.65,1.39,1.37
1000.0,8000.0,1,3,3782.44,4.78,40.01,1.0,0.0,0.0,0.0,-0.0,-0.05,-1.02,0.16,0.19,0.04,0.07,1.66,1.65,1.39,1.37
1000.0,8000.0,1,3,3820.48,5.28,40.01,1.0,0.0,0.0,0.0,-0.0,-0.05,-1.02,0.14,0.22,0.04,0.08,1.67,1.65,1.39,1.37
1000.0,8000.0,1,3,3860.43,5.78,40.01,1.0,0.0,0.0,0.0,-0.0,-0.05,-1.02,0.15,0.22,0.03,0.09,1.67,1.65,1.39,1.37
1000.0,8000.0,1,3,3900.7,6.28,40.01,1.0,0.0,0.0,0.0,-0.0,-0.05,-1.01,0.16,0.22,0.02,0.1,1.67,1.65,1.39,1.37
1000.0,8000.0,1,3,3939.17,6.28,40.01,1.0,0.0,0.0,0.0,-0.0,-0.05,-1.01,0.13,0.24,0.03,0.1,1.67,1.64,1.38,1.37
1000.0,8000.0,1,3,3926.89,6.13,40.01,1.0,0.0,0.0,0.0,-0.0,-0.05,-1.0,0.15,0.22,0.02,0.11,1.67,1.64,1.38,1.37
1000.0,8000.0,1,3,3868.5,6.07,40.01,1.0,0.0,0.0,0.0,-0.0,-0.05,-1.0,0.11,0.26,0.01,0.11,1.67,1.64,1.38,1.37
1000.0,8000.0,1,3,3826.75,6.01,40.01,1.0,0.0,0.0,0.0,-0.0,-0.04,-0.99,0.11,0.24,0.01,0.11,1.66,1.65,1.38,1.37
1000.0,8000.0,1,3,3809.05,5.96,40.01,1.0,0.0,0.0,0.0,-0.0,-0.04,-0.98,0.15,0.2,0.0,0.12,1.66,1.65,1.37,1.38
1000.0,8000.0,1,3,3809.44,5.94,40.01,1.0,0.0,0.0,0.0,-0.0,-0.04,-0.97,0.18,0.19,0.01,0.13,1.66,1.64,1.37,1.38
1000.0,8000.0,1,3,3822.19,5.95,40.01,1.0,0.0,0.0,0.0,-0.0,-0.03,-0.96,0.13,0.2,0.02,0.09,1.66,1.64,1.37,1.38
1000.0,8000.0,1,3,3843.51,5.97,40.01,1.0,0.0,0.0,0.0,-0.0,-0.03,-0.95,0.13,0.19,0.05,0.06,1.66,1.64,1.36,1.39
1000.0,8000.0,1,3,3870.86,5.99,40.01,1.0,0.0,0.0,0.0,-0.0,-0.03,-0.94,0.15,0.15,0.04,0.08,1.67,1.64,1.36,1.39
1000.0,8000.0,1,3,3901.57,6.01,40.01,1.0,0.0,0.0,0.0,-0.0,-0.02,-0.94,0.1,0.14,0.0,0.1,1.66,1.64,1.35,1.4
1000.0,8000.0,1,3,3901.57,6.01,40.01,1.0,0.0,0.0,0.0,-0.0,-0.02,-0.93,0.09,0.03,0.02,0.11,1.66,1.64,1.35,1.4
1000.0,8000.0,1,3,3933.68,6.03,40.01,1.0,0.0,0.0,0.0,-0.0,-0.01,-0.93,0.08,0.21,0.02,0.09,1.65,1.65,1.34,1.41
1000.0,8000.0,1,3,3964.18,6.04,40.01,1.0,0.0,0.0,0.0,-0.0,-0.0,-0.92,0.09,0.09,0.0,0.04,1.65,1.65,1.34,1.41
1000.0,8000.0,1,3,3940.05,6.04,40.01,1.0,0.0,0.0,0.0,-0.0,0.0,-0.92,0.1,0.1,0.02,0.02,1.64,1.65,1.33,1.41
1000.0,8000.0,1,3,3876.95,6.04,40.01,1.0,0.0,0.0,0.0,-0.0,0.01,-0.91,0.04,0.08,0.03,0.02,1.64,1.65,1.33,1.42
1000.0,8000.0,1,3,3833.79,6.0,40.01,1.0,0.0,0.0,0.0,-0.0,0.01,-0.91,0.1,0.02,0.02,0.02,1.63,1.65,1.33,1.41
1000.0,8000.0,1,3,3814.96,5.96,40.01,1.0,0.0,0.0,0.0,-0.0,0.01,-0.91,0.1,0.03,0.01,0.02,1.63,1.65,1.33,1.41
1000.0,8000.0,1,3,3813.99,5.95,40.01,1.0,0.0,0.0,0.0,-0.0,0.02,-0.9,0.1,0.05,0.01,0.0,1.63,1.64,1.33,1.41
1000.0,8000.0,1,3,3825.84,5.96,40.01,1.0,0.0,0.0,0.0,-0.0,0.02,-0.9,0.02,0.0,0.04,0.04,1.63,1.64,1.33,1.4
1000.0,8000.0,1,3,3847.07,5.98,40.01,1.0,0.0,0.0,0.0,-0.0,0.03,-0.91,0.0,0.03,0.06,0.09,1.63,1.63,1.33,1.4
1000.0,8000.0,1,3,3873.96,6.0,40.01,1.0,0.0,0.0,0.0,-0.0,0.03,-0.91,0.03,0.09,0.03,0.06,1.63,1.62,1.33,1.39
1000.0,8000.0,1,3,3904.29,6.02,40.01,1.0,0.0,0.0,0.0,-0.0,0.03,-0.91,0.01,0.09,0.0,0.03,1.63,1.62,1.33,1.39
1000.0,8000.0,1,3,3936.05,6.04,40.01,1.0,0.0,0.0,0.0,-0.0,0.04,-0.92,0.05,0.08,0.03,0.02,1.63,1.63,1.33,1.38
1000.0,8000.0,1,3,3965.95,6.04,40.01,1.0,0.0,0.0,0.0,-0.0,0.04,-0.92,0.1,0.07,0.06,0.02,1.62,1.63,1.32,1.38
1000.0,8000.0,1,3,3941.35,6.05,40.01,1.0,0.0,0.0,0.0,-0.0,0.04,-0.92,0.09,0.09,0.02,0.06,1.62,1.63,1.32,1.38
1000.0,8000.0,1,3,3877.91,6.03,40.01,1.0,0.0,0.0,0.0,-0.0,0.04,-0.92,0.12,0.11,0.01,0.08,1.61,1.63,1.31,1.38
1000.0,8000.0,1,3,3877.91,6.03,40.01,1.0,0.0,0.0,0.0,-0.0,0.04,-0.93,0.11,0.13,0.02,0.06,1.61,1.63,1.32,1.38
1000.0,8000.0,1,3,3834.61,5.99,40.01,1.0,0.0,0.0,0.0,-0.0,0.04,-0.93,0.09,0.13,0.02,0.06,1.61,1.63,1.32,1.38
1000.0,8000.0,1,3,3815.64,5.96,40.01,1.0,0.0,0.0,0.0,-0.0,0.04,-0.93,0.06,0.17,0.02,0.06,1.61,1.62,1.32,1.37
1000.0,8000.0,1,3,3814.46,5.95,40.01,1.0,0.0,0.0,0.0,-0.0,0.04,-0.94,0.1,0.16,0.04,0.05,1.62,1.62,1.32,1.37
1000.0,8000.0,1,3,3826.08,5.97,40.01,1.0,0.0,0.0,0.0,-0.0,0.04,-0.94,0.17,0.11,0.02,0.09,1.62,1.61,1.33,1.37
1000.0,8000.0,1,3,3846.58,5.98,40.01,1.0,0.0,0.0,0.0,-0.0,0.04,-0.95,0.16,0.1,0.01,0.11,1.63,1.61,1.33,1.36
1000.0,8000.0,1,3,3872.91,6.0,40.01,1.0,0.0,0.0,0.0,-0.0,0.04,-0.95,0.13,0.16,0.03,0.08,1.63,1.61,1.33,1.36
1000.0,8000.0,1,3,3902.85,6.02,40.01,1.0,0.0,0.0,0.0,-0.0,0.04,-0.96,0.17,0.15,0.06,0.03,1.63,1.61,1.33,1.36
1000.0,8000.0,1,3,3902.85,6.02,40.01,1.0,0.0,0.0,0.0,-0.0,0.04,-0.97,0.19,0.11,0.08,0.0,1.64,1.61,1.33,1.36
1000.0,8000.0,1,3,3934.44,6.03,40.01,1.0,0.0,0.0,0.0,-0.0,0.04,-0.97,0.21,0.13,0.09,0.0,1.64,1.62,1.34,1.36
1000.0,8000.0,1,3,3965.2,6.04,40.01,1.0,0.0,0.0,0.0,-0.0,0.03,-0.98,0.21,0.13,0.08,0.03,1.64,1.62,1.34,1.36
1000.0,8000.0,1,3,3940.93,6.05,40.01,1.0,0.0,0.0,0.0,-0.0,0.03,-0.98,0.18,0.12,0.05,0.06,1.64,1.63,1.34,1.36
1000.0,8000.0,1,3,3877.72,6.05,40.01,1.0,0.0,0.0,0.0,-0.0,0.03,-0.99,0.18,0.1,0.06,0.04,1.64,1.63,1.34,1.36
1000.0,8000.0,1,3,3835.22,6.01,40.01,1.0,0.0,0.0,0.0,-0.0,0.03,-0.99,0.14,0.14,0.04,0.02,1.64,1.63,1.34,1.36
1000.0,8000.0,1,3,3817.57,5.97,40.01,1.0,0.0,0.0,0.0,-0.0,0.02,-1.0,0.06,0.15,0.02,0.03,1.65,1.63,1.35,1.36
1000.0,8000.0,1,3,3817.57,5.97,40.01,1.0,0.0,0.0,0.0,-0.0,0.02,-1.0,0.09,0.15,0.01,0.04,1.66,1.63,1.36,1.36
1000.0,8000.0,1,3,3817.86,5.96,40.01,1.0,0.0,0.0,0.0,-0.0,0.02,-1.0,0.1,0.14,0.01,0.05,1.66,1.63,1.36,1.36
1000.0,8000.0,1,3,3830.98,5.97,40.01,1.0,0.0,0.0,0.0,-0.0,0.01,-1.01,0.14,0.08,0.01,0.09,1.67,1.63,1.36,1.35
1000.0,8000.0,1,3,3852.9,5.99,40.01,1.0,0.0,0.0,0.0,-0.0,0.01,-1.01,0.08,0.08,0.0,0.07,1.67,1.62,1.36,1.35
1000.0,8000.0,1,3,3880.92,6.01,40.01,1.0,0.0,0.0,0.0,-0.0,0.01,-1.02,0.06,0.12,0.01,0.02,1.68,1.62,1.37,1.35
1000.0,8000.0,1,3,3912.59,6.03,40.01,1.0,0.0,0.0,0.0,-0.0,0.01,-1.03,0.08,0.1,0.05,0.01,1.68,1.63,1.37,1.35
1000.0,8000.0,1,3,3912.59,6.03,40.01,1.0,0.0,0.0,0.0,-0.0,0.0,-1.03,0.1,0.06,0.04,0.01,1.68,1.63,1.37,1.35
1000.0,8000.0,1,3,3945.45,6.04,40.01,1.0,0.0,0.0,0.0,-0.0,0.0,-1.03,0.1,0.06,0.03,0.0,1.67,1.64,1.37,1.36
1000.0,8000.0,1,3,3959.15,6.05,40.01,1.0,0.0,0.0,0.0,-0.0,-0.0,-1.03,0.08,0.05,0.0,0.03,1.67,1.65,1.38,1.36
1000.0,8000.0,1,3,3903.49,6.05,40.01,1.0,0.0,0.0,0.0,-0.0,-0.0,-1.03,0.03,0.02,0.0,0.03,1.66,1.66,1.38,1.36
1000.0,8000.0,1,3,3850.0,6.01,40.01,1.0,0.0,0.0,0.0,-0.0,-0.01,-1.03,0.02,0.03,0.0,0.01,1.66,1.66,1.38,1.37
1000.0,8000.0,1,3,3824.56,5.97,40.01,1.0,0.0,0.0,0.0,-0.0,-0.01,-1.04,0.06,0.09,0.0,0.0,1.66,1.66,1.38,1.37
1000.0,8000.0,1,3,3819.2,5.96,40.01,1.0,0.0,0.0,0.0,-0.0,-0.01,-1.03,0.09,0.07,0.0,0.0,1.66,1.66,1.38,1.37
1000.0,8000.0,1,3,3828.89,5.96,40.01,1.0,0.0,0.0,0.0,-0.0,-0.01,-1.03,0.0,0.0,0.03,0.02,1.67,1.65,1.38,1.37
1000.0,8000.0,1,3,3828.89,5.96,40.01,1.0,0.0,0.0,0.0,-0.0,-0.02,-1.03,0.01,0.02,0.06,0.06,1.67,1.65,1.38,1.37
1000.0,8000.0,1,3,3849.0,5.98,40.01,1.0,0.0,0.0,0.0,-0.0,-0.02,-1.03,0.07,0.02,0.06,0.05,1.67,1.65,1.38,1.37
1000.0,8000.0,1,3,3875.47,6.0,40.01,1.0,0.0,0.0,0.0,-0.01,-0.02,-1.02,0.07,0.01,0.03,0.01,1.67,1.65,1.38,1.38
1000.0,8000.0,1,3,3906.17,6.02,40.01,1.0,0.0,0.0,0.0,-0.01,-0.02,-1.02,0.03,0.02,0.01,0.04,1.67,1.65,1.38,1.38
1000.0,8000.0,1,3,3938.8,6.04,40.01,1.0,0.0,0.0,0.0,-0.01,-0.02,-1.01,0.03,0.03,0.02,0.07,1.66,1.66,1.38,1.38
1000.0,8000.0,1,3,3962.18,6.05,40.01,1.0,0.0,0.0,0.0,-0.01,-0.03,-1.01,0.03,0.07,0.0,0.03,1.66,1.66,1.38,1.38
1000.0,8000.0,1,3,3962.18,6.05,40.01,1.0,0.0,0.0,0.0,-0.01,-0.03,-1.0,0.04,0.07,0.01,0.01,1.65,1.67,1.37,1.38
1000.0,8000.0,1,3,3917.59,6.05,40.01,1.0,0.0,0.0,0.0,-0.01,-0.03,-1.0,0.04,0.08,0.01,0.01,1.65,1.67,1.37,1.38
1000.0,8000.0,1,3,3858.41,6.03,40.01,1.0,0.0,0.0,0.0,-0.01,-0.03,-0.99,0.04,0.11,0.02,0.03,1.65,1.67,1.37,1.38
1000.0,8000.0,1,3,3827.34,5.98,40.01,1.0,0.0,0.0,0.0,-0.01,-0.03,-0.98,0.13,0.05,0.03,0.04,1.65,1.66,1.37,1.39
1000.0,8000.0,1,3,3819.31,5.96,40.01,1.0,0.0,0.0,0.0,-0.01,-0.03,-0.97,0.14,0.06,0.02,0.06,1.66,1.65,1.38,1.38
1000.0,8000.0,1,3,3819.31,5.96,40.01,1.0,0.0,0.0,0.0,-0.01,-0.03,-0.96,0.1,0.1,0.02,0.05,1.66,1.65,1.38,1.38
1000.0,8000.0,1,3,3827.19,5.96,40.01,1.0,0.0,0.0,0.0,-0.01,-0.03,-0.95,0.07,0.16,0.04,0.02,1.66,1.64,1.38,1.38
1000.0,8000.0,1,3,3845.96,5.99,40.01,1.0,0.0,0.0,0.0,-0.01,-0.03,-0.95,0.06,0.17,0.04,0.02,1.67,1.64,1.38,1.38
1000.0,8000.0,1,3,3872.38,6.0,40.01,1.0,0.0,0.0,0.0,-0.01,-0.03,-0.94,0.11,0.13,0.04,0.05,1.67,1.63,1.38,1.38
1000.0,8000.0,1,3,3903.14,6.02,40.01,1.0,0.0,0.0,0.0,-0.01,-0.03,-0.94,0.08,0.14,0.02,0.08,1.67,1.63,1.38,1.38
1000.0,8000.0,1,3,3936.28,6.03,40.01,1.0,0.0,0.0,0.0,-0.01,-0.03,-0.93,0.07,0.14,0.0,0.09,1.66,1.64,1.38,1.39
1000.0,8000.0,1,3,3961.92,6.04,40.01,1.0,0.0,0.0,0.0,-0.01,-0.03,-0.92,0.06,0.17,0.01,0.08,1.65,1.64,1.38,1.39
1000.0,8000.0,1,3,3914.86,6.05,40.01,1.0,0.0,0.0,0.0,-0.01,-0.03,-0.92,0.11,0.18,0.01,0.07,1.65,1.64,1.37,1.39
1000.0,8000.0,1,3,3857.3,6.02,40.01,1.0,0.0,0.0,0.0,-0.01,-0.03,-0.92,0.08,0.17,0.03,0.06,1.65,1.64,1.36,1.4
1000.0,8000.0,1,3,3857.3,6.02,40.01,1.0,0.0,0.0,0.0,-0.01,-0.03,-0.91,0.15,0.11,0.05,0.05,1.64,1.64,1.36,1.4
1000.0,8000.0,1,3,3828.19,5.97,40.01,1.0,0.0,0.0,0.0,-0.01,-0.03,-0.91,0.19,0.09,0.05,0.05,1.65,1.64,1.36,1.4
1000.0,8000.0,1,3,3821.46,5.96,40.01,1.0,0.0,0.0,0.0,-0.01,-0.02,-0.91,0.17,0.1,0.03,0.06,1.65,1.63,1.36,1.4
1000.0,8000.0,1,3,3830.17,5.96,40.01,1.0,0.0,0.0,0.0,-0.01,-0.02,-0.91,0.09,0.11,0.04,0.03,1.65,1.63,1.36,1.4
1000.0,8000.0,1,3,3849.57,5.97,40.01,1.0,0.0,0.0,0.0,-0.01,-0.02,-0.91,0.09,0.12,0.06,0.0,1.66,1.63,1.36,1.4
1000.0,8000.0,1,3,3876.45,5.99,40.01,1.0,0.0,0.0,0.0,-0.01,-0.01,-0.92,0.14,0.06,0.04,0.02,1.66,1.63,1.36,1.4
1000.0,8000.0,1,3,3907.39,6.03,40.01,1.0,0.0,0.0,0.0,-0.01,-0.01,-0.92,0.07,0.05,0.01,0.05,1.66,1.63,1.36,1.4
1000.0,8000.0,1,3,3907.39,6.03,40.01,1.0,0.0,0.0,0.0,-0.01,-0.0,-0.93,0.06,0.06,0.01,0.05,1.65,1.64,1.35,1.4
1000.0,8000.0,1,3,3940.49,6.04,40.01,1.0,0.0,0.0,0.0,-0.01,0.0,-0.93,0.05,0.07,0.01,0.04,1.65,1.64,1.35,1.4
1000.0,8000.0,1,3,3959.81,6.04,40.01,1.0,0.0,0.0,0.0,-0.01,0.0,-0.93,0.03,0.06,0.01,0.0,1.64,1.65,1.35,1.4
1000.0,8000.0,1,3,3908.13,6.05,40.01,1.0,0.0,0.0,0.0,-0.01,0.01,-0.93,0.04,0.04,0.02,0.0,1.64,1.65,1.34,1.4
1000.0,8000.0,1,3,3852.88,6.03,40.01,1.0,0.0,0.0,0.0,-0.01,0.01,-0.93,0.02,0.01,0.02,0.01,1.64,1.65,1.34,1.4
1000.0,8000.0,1,3,3826.01,5.96,40.01,1.0,0.0,0.0,0.0,-0.01,0.01,-0.94,0.09,0.05,0.01,0.01,1.64,1.64,1.34,1.4
1000.0,8000.0,1,3,3820.84,5.95,40.01,1.0,0.0,0.0,0.0,-0.01,0.02,-0.94,0.04,0.07,0.01,0.01,1.64,1.64,1.34,1.39
1000.0,8000.0,1,3,3830.6,5.96,40.01,1.0,0.0,0.0,0.0,-0.01,0.02,-0.94,0.02,0.03,0.03,0.06,1.65,1.63,1.35,1.39
1000.0,8000.0,1,3,3830.6,5.96,40.01,1.0,0.0,0.0,0.0,-0.01,0.02,-0.94,0.05,0.03,0.03,0.08,1.65,1.63,1.35,1.38
1000.0,8000.0,1,3,3850.69,5.98,40.01,1.0,0.0,0.0,0.0,-0.01,0.02,-0.95,0.0,0.08,0.0,0.06,1.65,1.63,1.35,1.38
1000.0,8000.0,1,3,3877.98,6.0,40.01,1.0,0.0,0.0,0.0,-0.01,0.03,-0.95,0.08,0.08,0.01,0.02,1.65,1.62,1.35,1.38
1000.0,8000.0,1,3,3909.2,6.02,40.01,1.0,0.0,0.0,0.0,-0.01,0.03,-0.96,0.1,0.07,0.04,0.01,1.65,1.63,1.35,1.37
1000.0,8000.0,1,3,3942.1,6.04,40.01,1.0,0.0,0.0,0.0,-0.01,0.03,-0.96,0.11,0.05,0.08,0.0,1.65,1.64,1.35,1.37
1000.0,8000.0,1,3,3958.7,6.05,40.01,1.0,0.0,0.0,0.0,-0.01,0.03,-0.96,0.13,0.05,0.05,0.03,1.64,1.64,1.34,1.38
1000.0,8000.0,1,3,3904.93,6.05,40.01,1.0,0.0,0.0,0.0,-0.01,0.03,-0.97,0.12,0.07,0.05,0.03,1.64,1.64,1.34,1.38
1000.0,8000.0,1,3,3850.24,6.02,40.01,1.0,0.0,0.0,0.0,-0.01,0.03,-0.97,0.11,0.08,0.04,0.03,1.64,1.64,1.33,1.38
1000.0,8000.0,1,3,3823.71,5.98,40.01,1.0,0.0,0.0,0.0,-0.01,0.03,-0.97,0.06,0.11,0.03,0.03,1.64,1.64,1.34,1.38
1000.0,8000.0,1,3,3823.71,5.98,40.01,1.0,0.0,0.0,0.0,-0.01,0.03,-0.98,0.08,0.12,0.04,0.02,1.65,1.64,1.34,1.37
1000.0,8000.0,1,3,3818.33,5.96,40.01,1.0,0.0,0.0,0.0,-0.01,0.03,-0.98,0.11,0.11,0.04,0.03,1.65,1.64,1.34,1.37
1000.0,8000.0,1,3,3828.12,5.96,40.01,1.0,0.0,0.0,0.0,-0.01,0.03,-0.98,0.14,0.07,0.01,0.07,1.65,1.63,1.34,1.37
1000.0,8000.0,1,3,3848.71,5.99,40.01,1.0,0.0,0.0,0.0,-0.01,0.02,-0.98,0.13,0.06,0.0,0.08,1.66,1.63,1.34,1.37
1000.0,8000.0,1,3,3875.9,6.01,40.01,1.0,0.0,0.0,0.0,-0.01,0.02,-0.99,0.07,0.13,0.03,0.03,1.66,1.63,1.34,1.37
1000.0,8000.0,1,3,3907.08,6.02,40.01,1.0,0.0,0.0,0.0,-0.01,0.02,-0.99,0.14,0.11,0.06,0.0,1.66,1.63,1.35,1.37
1000.0,8000.0,1,3,3940.39,6.04,40.01,1.0,0.0,0.0,0.0,-0.01,0.02,-1.0,0.15,0.08,0.1,0.02,1.66,1.64,1.35,1.37
1000.0,8000.0,1,3,3940.39,6.04,40.01,1.0,0.0,0.0,0.0,-0.01,0.02,-1.0,0.15,0.08,0.06,0.01,1.66,1.64,1.34,1.37
1000.0,8000.0,1,3,3959.87,6.05,40.01,1.0,0.0,0.0,0.0,-0.01,0.02,-1.0,0.14,0.08,0.05,0.02,1.65,1.65,1.35,1.37
1000.0,8000.0,1,3,3906.09,6.05,40.01,1.0,0.0,0.0,0.0,-0.01,0.02,-1.0,0.09,0.06,0.03,0.05,1.65,1.65,1.34,1.37
1000.0,8000.0,1,3,3851.42,6.01,40.01,1.0,0.0,0.0,0.0,-0.01,0.01,-1.0,0.1,0.08,0.01,0.04,1.65,1.65,1.35,1.37
1000.0,8000.0,1,3,3824.94,5.97,40.01,1.0,0.0,0.0,0.0,-0.01,0.01,-1.0,0.01,0.12,0.0,0.04,1.65,1.65,1.35,1.37
1000.0,8000.0,1,3,3820.13,5.95,40.01,1.0,0.0,0.0,0.0,-0.01,0.01,-1.0,0.01,0.11,0.01,0.02,1.66,1.65,1.36,1.37
1000.0,8000.0,1,3,3830.21,5.96,40.01,1.0,0.0,0.0,0.0,-0.01,0.01,-1.0,0.08,0.06,0.01,0.06,1.66,1.64,1.36,1.37
1000.0,8000.0,1,3,3830.21,5.96,40.01,1.0,0.0,0.0,0.0,-0.01,0.0,-1.0,0.08,0.05,0.02,0.08,1.67,1.64,1.36,1.37
1000.0,8000.0,1,3,3851.07,5.98,40.01,1.0,0.0,0.0,0.0,-0.01,0.0,-1.0,0.04,0.05,0.04,0.07,1.67,1.64,1.36,1.37
1000.0,8000.0,1,3,3878.49,6.0,40.01,1.0,0.0,0.0,0.0,-0.01,0.0,-1.0,0.0,0.08,0.01,0.03,1.67,1.64,1.36,1.37
1000.0,8000.0,1,3,3909.7,6.03,40.01,1.0,0.0,0.0,0.0,-0.01,-0.0,-1.0,0.03,0.06,0.01,0.01,1.67,1.64,1.37,1.37
1000.0,8000.0,1,3,3909.7,6.03,40.01,1.0,0.0,0.0,0.0,-0.01,-0.0,-1.0,0.04,0.04,0.02,0.01,1.67,1.64,1.36,1.37
1000.0,8000.0,1,3,3942.92,6.04,40.01,1.0,0.0,0.0,0.0,-0.01,-0.0,-1.0,0.04,0.03,0.02,0.0,1.67,1.65,1.37,1.37
1000.0,8000.0,1,3,3954.14,6.05,40.01,1.0,0.0,0.0,0.0,-0.01,-0.01,-1.0,0.04,0.0,0.0,0.01,1.66,1.66,1.37,1.37
1000.0,8000.0,1,3,3895.74,6.05,40.01,1.0,0.0,0.0,0.0,-0.01,-0.01,-1.0,0.0,0.01,0.0,0.01,1.65,1.66,1.37,1.38
1000.0,8000.0,1,3,3844.92,6.03,40.01,1.0,0.0,0.0,0.0,-0.01,-0.01,-1.0,0.01,0.01,0.01,0.0,1.65,1.66,1.37,1.38
1000.0,8000.0,1,3,3822.39,5.96,40.01,1.0,0.0,0.0,0.0,-0.01,-0.01,-1.0,0.1,0.04,0.03,0.01,1.65,1.66,1.37,1.38
1000.0,8000.0,1,3,3820.39,5.95,40.01,1.0,0.0,0.0,0.0,-0.01,-0.02,-0.99,0.07,0.02,0.02,0.01,1.66,1.65,1.38,1.38
1000.0,8000.0,1,3,3820.39,5.95,40.01,1.0,0.0,0.0,0.0,-0.01,-0.02,-0.99,0.06,0.01,0.02,0.0,1.66,1.65,1.38,1.38
1000.0,8000.0,1,3,3832.96,5.97,40.01,1.0,0.0,0.0,0.0,-0.01,-0.02,-0.99,0.02,0.06,0.05,0.02,1.67,1.65,1.38,1.38
1000.0,8000.0,1,3,3854.98,5.99,40.01,1.0,0.0,0.0,0.0,-0.01,-0.02,-0.99,0.06,0.07,0.05,0.03,1.67,1.64,1.38,1.38
1000.0,8000.0,1,3,3883.5,6.01,40.01,1.0,0.0,0.0,0.0,-0.01,-0.02,-0.98,0.07,0.03,0.01,0.02,1.67,1.64,1.38,1.38
1000.0,8000.0,1,3,3915.79,6.02,40.01,1.0,0.0,0.0,0.0,-0.01,-0.02,-0.98,0.03,0.06,0.02,0.07,1.67,1.64,1.38,1.38
1000.0,8000.0,1,3,3949.55,6.04,40.01,1.0,0.0,0.0,0.0,-0.01,-0.02,-0.98,0.02,0.08,0.02,0.06,1.66,1.65,1.38,1.38
1000.0,8000.0,1,3,3946.95,6.05,40.01,1.0,0.0,0.0,0.0,-0.01,-0.02,-0.97,0.02,0.09,0.0,0.03,1.65,1.66,1.38,1.38
1000.0,8000.0,1,3,3884.87,6.05,40.01,1.0,0.0,0.0,0.0,-0.01,-0.02,-0.96,0.04,0.13,0.01,0.02,1.65,1.66,1.37,1.39
1000.0,8000.0,1,3,3884.87,6.05,40.01,1.0,0.0,0.0,0.0,-0.01,-0.02,-0.96,0.04,0.1,0.02,0.04,1.65,1.66,1.37,1.39
1000.0,8000.0,1,3,3840.14,6.01,40.01,1.0,0.0,0.0,0.0,-0.01,-0.02,-0.95,0.14,0.05,0.01,0.06,1.65,1.65,1.37,1.39
1000.0,8000.0,1,3,3821.48,5.97,40.01,1.0,0.0,0.0,0.0,-0.01,-0.02,-0.95,0.12,0.06,0.01,0.07,1.66,1.65,1.38,1.39
1000.0,8000.0,1,3,3822.21,5.96,40.01,1.0,0.0,0.0,0.0,-0.01,-0.02,-0.95,0.09,0.08,0.0,0.06,1.66,1.64,1.37,1.39
1000.0,8000.0,1,3,3836.63,5.97,40.01,1.0,0.0,0.0,0.0,-0.01,-0.02,-0.94,0.04,0.14,0.06,0.0,1.66,1.64,1.38,1.39
1000.0,8000.0,1,3,3859.83,5.99,40.01,1.0,0.0,0.0,0.0,-0.01,-0.02,-0.94,0.09,0.12,0.06,0.01,1.67,1.63,1.38,1.39
1000.0,8000.0,1,3,3889.01,6.01,40.01,1.0,0.0,0.0,0.0,-0.01,-0.02,-0.94,0.08,0.09,0.02,0.05,1.67,1.63,1.38,1.39
1000.0,8000.0,1,3,3921.16,6.03,40.01,1.0,0.0,0.0,0.0,-0.01,-0.02,-0.94,0.05,0.09,0.02,0.1,1.66,1.64,1.38,1.39
1000.0,8000.0,1,3,3954.37,6.04,40.01,1.0,0.0,0.0,0.0,-0.01,-0.02,-0.94,0.05,0.09,0.03,0.08,1.66,1.65,1.37,1.39
1000.0,8000.0,1,3,3941.4,6.05,40.01,1.0,0.0,0.0,0.0,-0.01,-0.02,-0.94,0.06,0.11,0.0,0.03,1.65,1.65,1.36,1.4
1000.0,8000.0,1,3,3878.69,6.04,40.01,1.0,0.0,0.0,0.0,-0.01,-0.01,-0.93,0.06,0.12,0.02,0.02,1.65,1.65,1.36,1.4
1000.0,8000.0,1,3,3836.02,6.0,40.01,1.0,0.0,0.0,0.0,-0.01,-0.01,-0.93,0.08,0.06,0.03,0.03,1.65,1.65,1.35,1.4
1000.0,8000.0,1,3,3818.9,5.96,40.01,1.0,0.0,0.0,0.0,-0.01,-0.01,-0.93,0.16,0.01,0.02,0.04,1.65,1.64,1.36,1.4
1000.0,8000.0,1,3,3820.32,5.95,40.01,1.0,0.0,0.0,0.0,-0.01,-0.01,-0.93,0.1,0.03,0.01,0.03,1.65,1.64,1.36,1.4
1000.0,8000.0,1,3,3834.32,5.96,40.01,1.0,0.0,0.0,0.0,-0.01,-0.01,-0.93,0.02,0.07,0.04,0.01,1.66,1.64,1.36,1.39
1000.0,8000.0,1,3,3857.22,6.0,40.01,1.0,0.0,0.0,0.0,-0.01,-0.0,-0.94,0.07,0.04,0.05,0.03,1.66,1.63,1.36,1.39
1000.0,8000.0,1,3,3885.36,6.01,40.01,1.0,0.0,0.0,0.0,-0.01,0.0,-0.94,0.06,0.0,0.04,0.01,1.66,1.63,1.36,1.39
1000.0,8000.0,1,3,3916.54,6.03,40.01,1.0,0.0,0.0,0.0,-0.01,0.0,-0.94,0.01,0.0,0.01,0.03,1.66,1.64,1.35,1.39
1000.0,8000.0,1,3,3948.92,6.04,40.01,1.0,0.0,0.0,0.0,-0.01,0.01,-0.94,0.0,0.01,0.02,0.02,1.65,1.64,1.35,1.39
1000.0,8000.0,1,3,3948.92,6.04,40.01,1.0,0.0,0.0,0.0,-0.01,0.01,-0.95,0.01,0.01,0.03,0.01,1.65,1.65,1.35,1.39
1000.0,8000.0,1,3,3958.86,6.05,40.01,1.0,0.0,0.0,0.0,-0.01,0.01,-0.94,0.02,0.01,0.01,0.0,1.64,1.65,1.34,1.39
1000.0,8000.0,1,3,3903.03,6.05,40.01,1.0,0.0,0.0,0.0,-0.01,0.01,-0.94,0.01,0.0,0.0,0.01,1.64,1.65,1.34,1.39
1000.0,8000.0,1,3,3848.7,6.02,40.01,1.0,0.0,0.0,0.0,-0.01,0.02,-0.94,0.01,0.01,0.0,0.01,1.64,1.65,1.34,1.39
1000.0,8000.0,1,3,3821.71,5.98,40.01,1.0,0.0,0.0,0.0,-0.01,0.02,-0.95,0.02,0.07,0.0,0.02,1.64,1.64,1.34,1.39
1000.0,8000.0,1,3,3814.77,5.96,40.01,1.0,0.0,0.0,0.0,-0.01,0.02,-0.95,0.03,0.07,0.0,0.02,1.64,1.64,1.34,1.39
1000.0,8000.0,1,3,3822.37,5.96,40.01,1.0,0.0,0.0,0.0,-0.01,0.02,-0.95,0.04,0.03,0.01,0.05,1.65,1.64,1.34,1.38
1000.0,8000.0,1,3,3840.7,5.97,40.01,1.0,0.0,0.0,0.0,-0.01,0.02,-0.95,0.08,0.02,0.02,0.06,1.65,1.63,1.35,1.38
1000.0,8000.0,1,3,3865.58,6.01,40.01,1.0,0.0,0.0,0.0,-0.01,0.02,-0.96,0.01,0.07,0.01,0.05,1.66,1.63,1.35,1.38
1000.0,8000.0,1,3,3894.55,6.02,40.01,1.0,0.0,0.0,0.0,-0.01,0.02,-0.96,0.05,0.08,0.01,0.0,1.66,1.63,1.35,1.38
1000.0,8000.0,1,3,3925.99,6.03,40.01,1.0,0.0,0.0,0.0,-0.01,0.02,-0.97,0.1,0.05,0.06,0.01,1.65,1.63,1.35,1.38
1000.0,8000.0,1,3,3957.9,6.04,40.01,1.0,0.0,0.0,0.0,-0.01,0.02,-0.97,0.12,0.05,0.06,0.0,1.65,1.64,1.35,1.38
1000.0,8000.0,1,3,3957.9,6.04,40.01,1.0,0.0,0.0,0.0,-0.01,0.02,-0.97,0.11,0.04,0.04,0.02,1.65,1.64,1.34,1.38
1000.0,8000.0,1,3,3953.35,6.05,40.01,1.0,0.0,0.0,0.0,-0.01,0.02,-0.97,0.1,0.04,0.03,0.04,1.65,1.64,1.34,1.38
1000.0,8000.0,1,3,3893.47,6.05,40.01,1.0,0.0,0.0,0.0,-0.01,0.02,-0.98,0.09,0.05,0.02,0.03,1.64,1.65,1.34,1.38
1000.0,8000.0,1,3,3842.36,6.01,40.01,1.0,0.0,0.0,0.0,-0.01,0.02,-0.98,0.07,0.07,0.03,0.02,1.64,1.65,1.34,1.38
1000.0,8000.0,1,3,3818.11,5.97,40.01,1.0,0.0,0.0,0.0,-0.01,0.02,-0.98,0.02,0.1,0.02,0.01,1.65,1.64,1.34,1.38
1000.0,8000.0,1,3,3813.15,5.95,40.01,1.0,0.0,0.0,0.0,-0.01,0.02,-0.98,0.03,0.1,0.02,0.01,1.65,1.64,1.35,1.37
1000.0,8000.0,1,3,3822.14,5.96,40.01,1.0,0.0,0.0,0.0,-0.01,0.01,-0.98,0.1,0.05,0.0,0.05,1.66,1.64,1.35,1.37
1000.0,8000.0,1,3,3840.91,5.98,40.01,1.0,0.0,0.0,0.0,-0.01,0.01,-0.98,0.09,0.03,0.02,0.08,1.66,1.63,1.35,1.37
1000.0,8000.0,1,3,3866.18,6.0,40.01,1.0,0.0,0.0,0.0,-0.01,0.01,-0.99,0.03,0.07,0.01,0.05,1.67,1.63,1.35,1.37
1000.0,8000.0,1,3,3895.92,6.01,40.01,1.0,0.0,0.0,0.0,-0.01,0.01,-0.99,0.06,0.11,0.02,0.0,1.67,1.63,1.36,1.37
1000.0,8000.0,1,3,3927.58,6.03,40.01,1.0,0.0,0.0,0.0,-0.01,0.01,-1.0,0.09,0.07,0.06,0.01,1.67,1.64,1.36,1.37
1000.0,8000.0,1,3,3927.58,6.03,40.01,1.0,0.0,0.0,0.0,-0.01,0.01,-1.0,0.1,0.05,0.07,0.01,1.66,1.64,1.36,1.37
1000.0,8000.0,1,3,3959.55,6.04,40.01,1.0,0.0,0.0,0.0,-0.01,0.01,-1.0,0.09,0.06,0.04,0.0,1.66,1.65,1.35,1.37
1000.0,8000.0,1,3,3951.68,6.05,40.01,1.0,0.0,0.0,0.0,-0.01,0.01,-1.0,0.07,0.04,0.01,0.03,1.65,1.65,1.35,1.37
1000.0,8000.0,1,3,3890.89,6.04,40.01,1.0,0.0,0.0,0.0,-0.01,0.01,-1.0,0.06,0.03,0.01,0.04,1.65,1.65,1.35,1.37
1000.0,8000.0,1,3,3841.23,6.0,40.01,1.0,0.0,0.0,0.0,-0.01,0.01,-1.0,0.04,0.05,0.01,0.03,1.65,1.65,1.35,1.37
1000.0,8000.0,1,3,3818.14,5.96,40.01,1.0,0.0,0.0,0.0,-0.01,0.0,-1.0,0.02,0.1,0.0,0.02,1.65,1.65,1.36,1.37
1000.0,8000.0,1,3,3813.94,5.95,40.01,1.0,0.0,0.0,0.0,-0.01,0.0,-0.99,0.03,0.09,0.0,0.01,1.66,1.65,1.36,1.37
1000.0,8000.0,1,3,3823.38,5.96,40.01,1.0,0.0,0.0,0.0,-0.01,-0.0,-0.99,0.03,0.04,0.01,0.04,1.66,1.64,1.36,1.37
1000.0,8000.0,1,3,3842.37,5.98,40.01,1.0,0.0,0.0,0.0,-0.01,-0.0,-0.99,0.04,0.01,0.03,0.06,1.67,1.64,1.36,1.37
1000.0,8000.0,1,3,3868.17,6.0,40.01,1.0,0.0,0.0,0.0,-0.01,-0.0,-0.99,0.02,0.04,0.03,0.03,1.67,1.64,1.37,1.37
1000.0,8000.0,1,3,3868.17,6.0,40.01,1.0,0.0,0.0,0.0,-0.01,-0.0,-0.99,0.01,0.05,0.01,0.0,1.67,1.64,1.36,1.37
1000.0,8000.0,1,3,3897.76,6.02,40.01,1.0,0.0,0.0,0.0,-0.01,-0.0,-0.99,0.02,0.02,0.01,0.02,1.67,1.64,1.37,1.37
1000.0,8000.0,1,3,3929.23,6.03,40.01,1.0,0.0,0.0,0.0,-0.01,-0.01,-0.99,0.03,0.0,0.02,0.03,1.66,1.65,1.37,1.38
1000.0,8000.0,1,3,3961.13,6.04,40.01,1.0,0.0,0.0,0.0,-0.01,-0.01,-0.99,0.03,0.01,0.03,0.02,1.66,1.65,1.37,1.38
1000.0,8000.0,1,3,3949.91,6.05,40.01,1.0,0.0,0.0,0.0,-0.01,-0.01,-0.98,0.01,0.02,0.0,0.0,1.65,1.66,1.37,1.38
1000.0,8000.0,1,3,3888.32,6.05,40.01,1.0,0.0,0.0,0.0,-0.01,-0.01,-0.98,0.0,0.04,0.0,0.01,1.65,1.66,1.37,1.38
1000.0,8000.0,1,3,3840.55,6.02,40.01,1.0,0.0,0.0,0.0,-0.01,-0.01,-0.98,0.01,0.03,0.0,0.02,1.65,1.66,1.37,1.38
1000.0,8000.0,1,3,3818.24,5.97,40.01,1.0,0.0,0.0,0.0,-0.01,-0.01,-0.98,0.09,0.01,0.01,0.02,1.65,1.65,1.37,1.38
1000.0,8000.0,1,3,3814.73,5.95,40.01,1.0,0.0,0.0,0.0,-0.01,-0.01,-0.97,0.09,0.01,0.01,0.02,1.66,1.65,1.37,1.38
1000.0,8000.0,1,3,3814.73,5.95,40.01,1.0,0.0,0.0,0.0,-0.01,-0.02,-0.97,0.08,0.01,0.01,0.02,1.66,1.65,1.37,1.38
1000.0,8000.0,1,3,3825.37,5.96,40.01,1.0,0.0,0.0,0.0,-0.01,-0.02,-0.97,0.0,0.05,0.02,0.01,1.66,1.64,1.37,1.38
1000.0,8000.0,1,3,3845.63,5.99,40.01,1.0,0.0,0.0,0.0,-0.01,-0.02,-0.97,0.02,0.08,0.04,0.01,1.67,1.64,1.37,1.38
1000.0,8000.0,1,3,3872.21,6.01,40.01,1.0,0.0,0.0,0.0,-0.01,-0.02,-0.96,0.06,0.04,0.03,0.0,1.67,1.64,1.37,1.38
1000.0,8000.0,1,3,3902.62,6.02,40.01,1.0,0.0,0.0,0.0,-0.01,-0.02,-0.96,0.02,0.04,0.0,0.05,1.67,1.64,1.37,1.38
1000.0,8000.0,1,3,3934.85,6.04,40.01,1.0,0.0,0.0,0.0,-0.01,-0.01,-0.96,0.01,0.06,0.02,0.07,1.66,1.65,1.37,1.38
1000.0,8000.0,1,3,3963.71,6.04,40.01,1.0,0.0,0.0,0.0,-0.01,-0.01,-0.96,0.0,0.07,0.04,0.05,1.66,1.65,1.37,1.39
1000.0,8000.0,1,3,3930.45,6.05,40.01,1.0,0.0,0.0,0.0,-0.01,-0.01,-0.95,0.03,0.09,0.01,0.04,1.65,1.65,1.37,1.39
1000.0,8000.0,1,3,3867.79,6.04,40.01,1.0,0.0,0.0,0.0,-0.01,-0.01,-0.95,0.03,0.1,0.0,0.02,1.65,1.65,1.36,1.39
1000.0,8000.0,1,3,3830.19,6.0,40.01,1.0,0.0,0.0,0.0,-0.01,-0.01,-0.95,0.07,0.06,0.03,0.03,1.65,1.65,1.36,1.39
1000.0,8000.0,1,3,3816.14,5.96,40.01,1.0,0.0,0.0,0.0,-0.01,-0.01,-0.94,0.13,0.03,0.02,0.04,1.65,1.65,1.37,1.39
1000.0,8000.0,1,3,3816.14,5.96,40.01,1.0,0.0,0.0,0.0,-0.01,-0.01,-0.94,0.09,0.05,0.0,0.05,1.65,1.65,1.37,1.39
1000.0,8000.0,1,3,3819.23,5.95,40.01,1.0,0.0,0.0,0.0,-0.01,-0.01,-0.93,0.02,0.11,0.04,0.01,1.66,1.64,1.37,1.39
1000.0,8000.0,1,3,3834.28,5.98,40.01,1.0,0.0,0.0,0.0,-0.01,-0.01,-0.94,0.05,0.09,0.06,0.01,1.66,1.64,1.37,1.39
1000.0,8000.0,1,3,3857.47,6.0,40.01,1.0,0.0,0.0,0.0,-0.01,-0.01,-0.94,0.08,0.08,0.05,0.01,1.66,1.63,1.37,1.39
1000.0,8000.0,1,3,3885.84,6.01,40.01,1.0,0.0,0.0,0.0,-0.01,-0.01,-0.94,0.08,0.04,0.02,0.03,1.66,1.63,1.37,1.39
1000.0,8000.0,1,3,3917.17,6.03,40.01,1.0,0.0,0.0,0.0,-0.01,-0.01,-0.94,0.03,0.05,0.02,0.07,1.66,1.64,1.37,1.39
1000.0,8000.0,1,3,3949.65,6.04,40.01,1.0,0.0,0.0,0.0,-0.01,-0.0,-0.94,0.03,0.06,0.02,0.06,1.66,1.64,1.37,1.39
1000.0,8000.0,1,3,3959.64,6.05,40.01,1.0,0.0,0.0,0.0,-0.01,-0.0,-0.94,0.03,0.07,0.01,0.01,1.65,1.65,1.36,1.4
1000.0,8000.0,1,3,3905.85,6.05,40.01,1.0,0.0,0.0,0.0,-0.01,-0.0,-0.94,0.04,0.08,0.01,0.0,1.65,1.65,1.35,1.4
1000.0,8000.0,1,3,3850.52,6.03,40.01,1.0,0.0,0.0,0.0,-0.01,0.04,-1.01,0.03,0.07,22.89,22.66,1.66,1.67,1.3,1.38
1000.0,8000.0,1,3,3822.56,5.98,40.01,1.0,0.0,0.0,0.0,-0.01,0.1,-0.99,0.07,0.24,11.87,16.24,1.63,1.64,1.17,1.32
1000.0,8000.0,1,3,3815.59,5.96,40.01,1.0,0.0,0.0,0.0,-0.01,0.14,-0.86,1.44,1.77,1.53,11.62,1.59,1.58,1.08,1.3
1000.0,8000.0,1,3,3822.98,5.97,40.01,1.0,0.0,0.0,0.0,-0.01,0.19,-0.87,0.9,1.24,6.81,6.4,1.62,1.59,1.0,1.29
1000.0,8000.0,1,3,3822.98,5.97,40.01,1.0,0.0,0.0,0.0,-0.01,0.27,-0.91,0.38,0.5,9.0,2.37,1.62,1.61,0.98,1.29
1000.0,8000.0,1,3,3841.02,5.98,40.01,1.0,0.0,0.0,0.0,-0.01,0.35,-0.91,2.05,1.44,1.64,3.04,1.62,1.63,0.92,1.29
1000.0,8000.0,1,3,3866.16,6.0,40.01,1.0,0.0,0.0,0.0,-0.01,0.44,-0.84,3.94,3.14,2.16,3.6,1.6,1.63,0.86,1.26
1000.0,8000.0,1,3,3896.24,6.02,40.01,1.0,0.0,0.0,0.0,-0.01,0.53,-0.74,3.14,3.19,5.36,2.02,1.55,1.61,0.81,1.26
1000.0,8000.0,1,3,3929.71,6.03,40.01,1.0,0.0,0.0,0.0,-0.01,0.62,-0.67,2.07,1.33,2.97,7.05,1.48,1.61,0.78,1.25
1000.0,8000.0,1,3,3964.97,6.05,40.01,1.0,0.0,0.0,0.0,-0.01,0.69,-0.61,3.8,3.57,7.11,3.46,1.42,1.6,0.78,1.25
1000.0,8000.0,1,3,4001.02,6.05,40.01,1.0,0.0,0.0,0.0,-0.02,0.75,-0.56,5.63,4.35,6.0,4.56,1.37,1.57,0.77,1.25
1000.0,8000.0,1,3,4037.36,6.47,40.01,1.0,0.0,0.0,0.0,-0.02,0.83,-0.51,4.08,3.74,4.23,6.64,1.31,1.54,0.73,1.26
1000.0,8000.0,1,3,4072.93,6.25,40.01,1.0,0.0,0.0,0.0,-0.02,0.9,-0.49,4.52,5.03,7.62,5.53,1.26,1.51,0.66,1.27
1000.0,8000.0,1,3,4072.93,6.25,40.01,1.0,0.0,0.0,0.0,-0.02,0.96,-0.52,4.22,5.98,6.41,7.27,1.25,1.53,0.64,1.27
1000.0,8000.0,1,3,4107.23,6.25,40.01,1.0,0.0,0.0,0.0,-0.02,1.03,-0.5,3.72,5.61,6.79,6.86,1.21,1.49,0.61,1.27
1000.0,8000.0,1,3,4139.96,6.26,40.01,1.0,0.0,0.0,0.0,-0.02,1.09,-0.47,3.88,5.03,8.8,6.39,1.17,1.45,0.57,1.24
1000.0,8000.0,1,3,4170.99,6.26,40.01,1.0,0.0,0.0,0.0,-0.02,1.15,-0.45,3.92,6.08,8.14,8.84,1.13,1.42,0.52,1.22
1000.0,8000.0,1,3,4200.03,6.26,40.01,1.0,0.0,0.0,0.0,-0.02,1.21,-0.42,4.09,7.25,8.16,10.05,1.09,1.38,0.48,1.19
1000.0,8000.0,1,3,4227.38,6.26,40.01,1.0,0.0,0.0,0.0,-0.02,1.26,-0.41,4.01,6.95,10.32,8.88,1.06,1.34,0.46,1.15
1000.0,8000.0,1,3,4253.1,6.26,40.01,1.0,0.0,0.0,0.0,-0.02,1.31,-0.43,3.92,7.3,10.32,10.01,1.05,1.31,0.42,1.09
1000.0,8000.0,1,3,4277.27,6.27,40.01,1.0,0.0,0.0,0.0,-0.02,1.36,-0.42,3.88,8.36,11.39,10.22,1.04,1.27,0.38,1.05
1000.0,8000.0,1,3,4300.01,6.26,40.01,1.0,0.0,0.0,0.0,-0.02,1.41,-0.41,3.81,9.54,11.25,12.6,1.03,1.22,0.31,1.02
1000.0,8000.0,1,3,4321.43,6.27,40.01,1.0,0.0,0.0,0.0,-0.02,1.45,-0.4,3.97,8.57,12.33,12.87,1.03,1.17,0.27,0.97
1000.0,8000.0,1,3,4341.65,6.26,40.01,1.0,0.0,0.0,0.0,-0.02,1.49,-0.37,3.84,9.41,13.99,12.84,1.02,1.11,0.22,0.91
1000.0,8000.0,1,3,4341.65,6.26,40.01,1.0,0.0,0.0,0.0,-0.02,1.53,-0.34,3.87,10.52,13.8,12.82,1.0,1.11,0.22,0.92
1000.0,8000.0,1,3,4360.66,6.27,40.01,1.0,0.0,0.0,0.0,-0.02,1.58,-0.31,3.94,10.77,14.05,13.99,0.98,1.08,0.16,0.89
1000.0,8000.0,1,3,4378.76,6.26,40.01,1.0,0.0,0.0,0.0,-0.02,1.62,-0.26,3.97,10.49,13.76,13.87,0.95,1.06,0.11,0.85
1000.0,8000.0,1,3,4396.03,6.27,40.01,1.0,0.0,0.0,0.0,-0.02,1.65,-0.22,3.93,11.27,14.6,14.27,0.94,1.03,0.07,0.81
1000.0,8000.0,1,3,4412.58,6.26,40.01,1.0,0.0,0.0,0.0,-0.02,1.68,-0.2,3.95,11.68,15.13,14.92,0.93,1.0,0.03,0.77
1000.0,8000.0,1,3,4428.44,6.26,40.01,1.0,0.0,0.0,0.0,-0.02,1.71,-0.14,3.87,12.42,15.94,15.19,0.91,0.96,-0.0,0.74
1000.0,8000.0,1,3,4443.73,6.28,40.01,1.0,0.0,0.0,0.0,-0.02,1.74,-0.08,3.92,12.61,16.16,16.28,0.9,0.91,-0.04,0.72
1000.0,8000.0,1,3,4458.49,6.26,40.01,1.0,0.0,0.0,0.0,-0.02,1.77,-0.02,3.96,13.46,16.47,16.31,0.9,0.88,-0.07,0.7
1000.0,8000.0,1,3,4472.8,6.29,40.01,1.0,0.0,0.0,0.0,-0.02,1.79,0.03,3.98,13.82,17.27,16.82,0.9,0.85,-0.09,0.67
1000.0,8000.0,1,3,4486.63,6.25,40.01,1.0,0.0,0.0,0.0,-0.02,1.81,0.09,3.8,14.17,17.79,17.47,0.88,0.83,-0.11,0.66
1000.0,8000.0,1,3,4486.63,6.25,40.01,1.0,0.0,0.0,0.0,-0.02,1.84,0.09,3.84,14.34,17.99,17.49,0.88,0.83,-0.11,0.66
1000.0,8000.0,1,3,4500.11,6.31,40.01,1.0,0.0,0.0,0.0,-0.02,1.86,0.14,3.85,14.46,18.49,18.14,0.87,0.82,-0.13,0.64
1000.0,8000.0,1,3,4513.5,6.23,40.01,1.0,0.0,0.0,0.0,-0.02,1.88,0.21,3.76,14.75,18.74,18.64,0.84,0.8,-0.14,0.63
1000.0,8000.0,1,3,4526.43,6.33,40.01,1.0,0.0,0.0,0.0,-0.02,1.89,0.26,3.88,15.38,19.36,19.09,0.82,0.79,-0.15,0.62
1000.0,8000.0,1,3,4539.39,6.2,40.01,1.0,0.0,0.0,0.0,-0.02,1.91,0.33,3.79,15.16,20.18,19.64,0.8,0.77,-0.16,0.61
1000.0,8000.0,1,3,4539.39,6.2,40.01,1.0,0.0,0.0,0.0,-0.02,1.92,0.34,3.85,15.39,20.43,19.96,0.8,0.77,-0.15,0.61
1000.0,8000.0,1,3,4551.93,6.39,40.01,1.0,0.0,0.0,0.0,-0.02,1.93,0.36,3.81,15.21,20.78,20.44,0.8,0.76,-0.16,0.6
1000.0,8000.0,1,3,4564.65,6.43,40.01,1.0,0.0,0.0,0.0,-0.02,1.95,0.4,3.77,15.32,21.16,21.06,0.8,0.74,-0.16,0.59
1000.0,8000.0,1,3,4577.0,6.21,40.01,1.0,0.0,0.0,0.0,-0.02,1.96,0.44,3.78,15.36,21.76,21.68,0.79,0.72,-0.16,0.58
1000.0,8000.0,1,3,4589.19,6.37,40.01,1.0,0.0,0.0,0.0,-0.02,1.97,0.48,3.72,15.19,22.44,22.39,0.78,0.7,-0.16,0.57
1000.0,8000.0,1,3,4589.19,6.37,40.01,1.0,0.0,0.0,0.0,-0.02,1.98,0.48,3.68,15.19,22.44,22.37,0.78,0.7,-0.16,0.57
1000.0,8000.0,1,3,4601.39,6.16,40.01,1.0,0.0,0.0,0.0,-0.02,1.99,0.52,3.74,15.15,23.16,23.06,0.77,0.68,-0.16,0.56
1000.0,8000.0,1,3,4613.46,6.45,40.01,1.0,0.0,0.0,0.0,-0.02,2.0,0.55,3.72,15.24,23.81,23.62,0.75,0.68,-0.16,0.55
1000.0,8000.0,1,3,4625.49,6.23,40.01,1.0,0.0,0.0,0.0,-0.02,2.01,0.57,3.73,15.26,24.32,24.07,0.74,0.67,-0.16,0.53
1000.0,8000.0,1,3,4625.49,6.23,40.01,1.0,0.0,0.0,0.0,-0.02,2.01,0.58,3.71,15.22,24.73,24.49,0.74,0.67,-0.15,0.54
1000.0,8000.0,1,3,4637.22,6.35,40.01,1.0,0.0,0.0,0.0,-0.02,2.02,0.59,3.72,15.14,24.9,24.82,0.72,0.67,-0.16,0.52
1000.0,8000.0,1,3,4649.04,6.42,40.01,1.0,0.0,0.0,0.0,-0.02,2.02,0.6,3.7,15.21,25.79,25.59,0.72,0.66,-0.15,0.51
1000.0,8000.0,1,3,4660.76,6.21,40.01,1.0,0.0,0.0,0.0,-0.02,2.03,0.62,3.64,15.17,26.24,26.15,0.71,0.65,-0.15,0.49
1000.0,8000.0,1,3,4660.76,6.21,40.01,1.0,0.0,0.0,0.0,-0.02,2.03,0.63,3.64,15.17,26.78,26.66,0.72,0.64,-0.14,0.49
1000.0,8000.0,1,3,4672.29,6.4,40.01,1.0,0.0,0.0,0.0,-0.02,2.04,0.64,3.65,15.13,27.1,27.0,0.7,0.63,-0.15,0.47
1000.0,8000.0,1,3,4684.04,6.18,40.01,1.0,0.0,0.0,0.0,-0.02,2.04,0.65,3.64,15.16,27.58,27.68,0.7,0.62,-0.14,0.45
1000.0,8000.0,1,3,4695.51,6.44,40.01,1.0,0.0,0.0,0.0,-0.02,2.04,0.65,3.62,15.16,28.32,28.32,0.69,0.62,-0.14,0.44
1000.0,8000.0,1,3,4706.95,6.37,40.01,1.0,0.0,0.0,0.0,-0.02,2.05,0.66,3.63,15.11,28.85,29.04,0.68,0.62,-0.13,0.43
1000.0,8000.0,1,3,4706.95,6.37,40.01,1.0,0.0,0.0,0.0,-0.02,2.05,0.65,3.59,15.1,29.14,29.41,0.69,0.61,-0.13,0.42
1000.0,8000.0,1,3,4718.41,6.16,40.01,1.0,0.0,0.0,0.0,-0.02,2.05,0.65,3.58,15.12,29.65,29.86,0.67,0.62,-0.13,0.41
1000.0,8000.0,1,3,4729.86,6.48,40.01,1.0,0.0,0.0,0.0,-0.02,2.05,0.65,3.6,15.07,30.19,30.54,0.66,0.61,-0.13,0.4
1000.0,8000.0,1,3,4741.28,6.26,40.01,1.0,0.0,0.0,0.0,-0.02,2.06,0.66,3.57,15.07,30.64,30.88,0.65,0.6,-0.13,0.38
1000.0,8000.0,1,3,4752.49,6.23,40.01,1.0,0.0,0.0,0.0,-0.02,2.06,0.63,3.57,15.06,31.46,31.89,0.65,0.6,-0.13,0.37
1000.0,8000.0,1,3,4752.49,6.23,40.01,1.0,0.0,0.0,0.0,-0.02,2.06,0.65,3.56,15.04,32.01,32.31,0.66,0.59,-0.11,0.37
1000.0,8000.0,1,3,4763.56,6.38,40.01,1.0,0.0,0.0,0.0,-0.02,2.06,0.65,3.55,15.04,32.01,32.33,0.64,0.59,-0.12,0.37
1000.0,8000.0,1,3,4774.83,6.16,40.01,1.0,0.0,0.0,0.0,-0.02,2.06,0.61,3.51,15.04,32.78,32.99,0.65,0.59,-0.13,0.36
1000.0,8000.0,1,3,4786.03,6.5,40.01,1.0,0.0,0.0,0.0,-0.02,2.06,0.62,3.52,15.02,33.49,33.56,0.63,0.58,-0.12,0.35
1000.0,8000.0,1,3,4797.15,6.27,40.01,1.0,0.0,0.0,0.0,-0.02,2.07,0.58,3.5,15.0,34.14,34.24,0.63,0.59,-0.13,0.35
1000.0,8000.0,1,3,4797.15,6.27,40.01,1.0,0.0,0.0,0.0,-0.02,2.06,0.58,3.49,14.99,34.5,34.53,0.63,0.58,-0.12,0.35
1000.0,8000.0,1,3,4808.07,6.25,40.01,1.0,0.0,0.0,0.0,-0.02,2.06,0.59,3.49,14.99,34.73,35.01,0.62,0.58,-0.12,0.35
1000.0,8000.0,1,3,4818.88,6.34,40.01,1.0,0.0,0.0,0.0,-0.02,2.06,0.55,3.48,14.97,35.44,35.5,0.62,0.58,-0.12,0.35
1000.0,8000.0,1,3,4829.95,6.19,40.01,1.0,0.0,0.0,0.0,-0.02,2.06,0.51,3.46,14.96,35.99,36.21,0.62,0.58,-0.13,0.35
1000.0,8000.0,1,3,4840.74,6.45,40.01,1.0,0.0,0.0,0.0,-0.02,2.06,0.5,3.44,14.95,36.79,36.8,0.61,0.57,-0.13,0.35
1000.0,8000.0,1,3,4840.74,6.45,40.01,1.0,0.0,0.0,0.0,-0.02,2.06,0.48,3.43,14.94,37.06,37.24,0.62,0.57,-0.14,0.35
1000.0,8000.0,1,3,4851.62,6.39,40.01,1.0,0.0,0.0,0.0,-0.02,2.06,0.45,3.43,14.93,37.58,37.45,0.61,0.56,-0.13,0.35
1000.0,8000.0,1,3,4862.5,6.17,40.01,1.0,0.0,0.0,0.0,-0.02,2.06,0.41,3.41,14.94,38.02,38.11,0.61,0.56,-0.14,0.35
1000.0,8000.0,1,3,4873.38,6.5,40.01,1.0,0.0,0.0,0.0,-0.02,2.06,0.36,3.4,14.9,38.72,38.6,0.61,0.56,-0.14,0.36
1000.0,8000.0,1,3,4884.17,6.27,40.01,1.0,0.0,0.0,0.0,-0.02,2.06,0.31,3.38,14.89,39.37,39.25,0.61,0.56,-0.15,0.37
1000.0,8000.0,1,3,4884.17,6.27,40.01,1.0,0.0,0.0,0.0,-0.02,2.06,0.28,3.38,14.88,39.97,39.93,0.61,0.57,-0.16,0.36
1000.0,8000.0,1,3,4894.76,6.24,40.01,1.0,0.0,0.0,0.0,-0.02,2.06,0.27,3.36,14.88,39.95,39.89,0.6,0.55,-0.15,0.37
1000.0,8000.0,1,3,4905.18,6.37,40.01,1.0,0.0,0.0,0.0,-0.02,2.06,0.23,3.35,14.85,40.69,40.69,0.6,0.55,-0.15,0.38
1000.0,8000.0,1,3,4915.87,6.15,40.01,1.0,0.0,0.0,0.0,-0.02,2.06,0.17,3.34,14.85,41.55,41.3,0.6,0.55,-0.15,0.39
1000.0,8000.0,1,3,4926.66,6.54,40.01,1.0,0.0,0.0,0.0,-0.03,2.06,0.1,3.33,14.84,42.02,42.03,0.6,0.55,-0.15,0.39
1000.0,8000.0,1,3,4926.66,6.54,40.01,1.0,0.0,0.0,0.0,-0.03,2.06,0.07,3.33,14.83,42.25,42.24,0.61,0.56,-0.16,0.39
1000.0,8000.0,1,3,4937.1,6.32,40.01,1.0,0.0,0.0,0.0,-0.03,2.06,0.04,3.32,15.41,42.56,42.62,0.6,0.55,-0.16,0.4
1000.0,8000.0,1,3,4947.49,6.38,40.01,1.0,0.0,0.0,0.0,-0.03,2.06,-0.03,3.28,18.44,43.25,43.06,0.6,0.55,-0.16,0.41
1000.0,8000.0,1,3,4958.02,6.16,40.01,1.0,0.0,0.0,0.0,-0.03,2.05,-0.11,3.26,27.82,43.79,43.67,0.6,0.57,-0.16,0.42
1000.0,8000.0,1,3,4958.02,6.16,40.01,1.0,0.0,0.0,0.0,-0.03,2.04,-0.17,3.23,37.35,44.67,44.49,0.61,0.59,-0.18,0.4
1000.0,8000.0,1,3,4968.62,6.53,40.01,1.0,0.0,0.0,0.0,-0.03,2.02,-0.21,3.27,39.17,44.85,44.59,0.6,0.61,-0.17,0.41
1000.0,8000.0,1,3,4978.9,6.31,40.01,1.0,0.0,0.0,0.0,-0.03,2.01,-0.27,3.29,37.49,45.37,45.11,0.59,0.64,-0.16,0.42
1000.0,8000.0,1,3,4989.01,6.36,40.01,1.0,0.0,0.0,0.0,-0.03,2.01,-0.32,3.13,37.54,46.27,45.95,0.58,0.67,-0.14,0.42
1000.0,8000.0,1,3,4999.31,6.17,40.01,1.0,0.0,0.0,0.0,-0.03,2.0,-0.43,3.16,38.35,46.38,46.14,0.61,0.7,-0.14,0.42
1000.0,8000.0,1,3,5009.58,6.53,40.01,1.0,0.0,0.0,0.0,-0.03,2.01,-0.5,3.2,39.45,46.43,46.89,0.62,0.72,-0.13,0.42
1000.0,8000.0,1,3,5009.58,6.53,40.01,1.0,0.0,0.0,0.0,-0.03,2.0,-0.55,3.14,39.05,47.28,47.77,0.64,0.72,-0.13,0.4
1000.0,8000.0,1,3,5019.57,6.31,40.01,1.0,0.0,0.0,0.0,-0.03,2.0,-0.61,3.3,39.86,48.18,48.47,0.65,0.74,-0.12,0.39
1000.0,8000.0,1,3,5029.36,6.35,40.01,1.0,0.0,0.0,0.0,-0.03,2.0,-0.64,3.19,40.37,48.36,48.35,0.63,0.76,-0.1,0.39
1000.0,8000.0,1,3,5039.34,6.18,40.01,1.0,0.0,0.0,0.0,-0.03,2.01,-0.67,3.18,40.8,48.77,48.83,0.62,0.77,-0.09,0.39
1000.0,8000.0,1,3,5049.32,6.52,40.01,1.0,0.0,0.0,0.0,-0.03,2.0,-0.75,3.16,41.03,49.25,50.03,0.64,0.79,-0.08,0.39
1000.0,8000.0,1,3,5059.09,6.3,40.01,1.0,0.0,0.0,0.0,-0.03,2.0,-0.79,3.21,41.83,49.78,50.45,0.64,0.8,-0.07,0.38
1000.0,8000.0,1,3,5068.71,6.32,40.01,1.0,0.0,0.0,0.0,-0.03,2.0,-0.84,3.18,42.57,50.4,50.94,0.64,0.81,-0.05,0.37
1000.0,8000.0,1,3,5078.36,6.25,40.01,1.0,0.0,0.0,0.0,-0.03,2.0,-0.89,3.32,43.13,51.28,51.46,0.65,0.82,-0.04,0.36
1000.0,8000.0,1,3,5087.69,6.39,40.01,1.0,0.0,0.0,0.0,-0.03,1.99,-0.94,9.3,43.26,51.82,52.17,0.66,0.83,-0.03,0.36
1000.0,8000.0,1,3,5097.59,6.17,40.01,1.0,0.0,0.0,0.0,-0.03,1.98,-0.99,13.68,43.98,52.2,52.63,0.69,0.83,-0.03,0.35
1000.0,8000.0,1,3,5107.21,6.32,40.01,1.0,0.0,0.0,0.0,-0.03,1.98,-1.03,16.13,44.32,52.89,53.19,0.7,0.84,-0.02,0.35
1000.0,8000.0,1,3,5107.21,6.32,40.01,1.0,0.0,0.0,0.0,-0.03,1.97,-1.06,22.51,45.0,53.44,53.56,0.72,0.85,-0.02,0.34
1000.0,8000.0,1,3,5116.69,6.25,40.01,1.0,0.0,0.0,0.0,-0.03,1.96,-1.09,25.05,45.32,53.66,53.98,0.72,0.86,-0.02,0.34
1000.0,8000.0,1,3,5125.81,6.38,40.01,1.0,0.0,0.0,0.0,-0.03,1.95,-1.11,32.84,45.62,54.34,54.24,0.73,0.88,-0.01,0.34
1000.0,8000.0,1,3,5135.52,6.16,40.01,1.0,0.0,0.0,0.0,-0.03,1.94,-1.13,38.51,45.71,54.47,54.32,0.75,0.88,-0.01,0.34
1000.0,8000.0,1,3,5144.89,6.34,40.01,1.0,0.0,0.0,0.0,-0.04,1.93,-1.16,45.81,46.23,55.19,55.19,0.77,0.89,-0.01,0.34
1000.0,8000.0,1,3,5154.13,6.2,40.01,1.0,0.0,0.0,0.0,-0.04,1.93,-1.2,47.41,46.79,55.73,55.98,0.79,0.91,-0.02,0.35
1000.0,8000.0,1,3,5163.3,6.49,40.01,1.0,0.0,0.0,0.0,-0.04,1.93,-1.21,46.83,47.23,56.22,56.28,0.79,0.92,-0.02,0.36
1000.0,8000.0,1,3,5172.32,6.27,40.01,1.0,0.0,0.0,0.0,-0.04,1.92,-1.24,47.34,47.96,56.92,56.74,0.78,0.95,-0.03,0.36
1000.0,8000.0,1,3,5172.32,6.27,40.01,1.0,0.0,0.0,0.0,-0.04,1.93,-1.25,47.73,48.5,57.68,57.08,0.77,0.96,-0.05,0.37
1000.0,8000.0,1,3,5181.0,6.35,40.01,1.0,0.0,0.0,0.0,-0.04,1.93,-1.24,48.17,48.85,58.45,57.97,0.75,0.97,-0.05,0.38
1000.0,8000.0,1,3,5190.03,6.52,40.01,1.0,0.0,0.0,0.0,-0.04,1.92,-1.24,48.26,49.06,58.55,58.53,0.76,0.97,-0.05,0.39
1000.0,8000.0,1,3,5198.78,6.29,40.01,1.0,0.0,0.0,0.0,-0.03,1.93,-1.25,48.35,49.49,59.0,58.81,0.77,0.98,-0.05,0.39
1000.0,8000.0,1,3,5207.34,6.3,40.01,1.0,0.0,0.0,0.0,-0.03,1.93,-1.24,48.46,49.99,59.48,59.25,0.77,0.98,-0.06,0.4
1000.0,8000.0,1,3,5215.87,6.28,40.01,1.0,0.0,0.0,0.0,-0.03,1.92,-1.23,48.56,50.39,60.33,59.94,0.76,0.99,-0.06,0.4
1000.0,8000.0,1,3,5224.19,6.33,40.01,1.0,0.0,0.0,0.0,-0.02,1.91,-1.22,48.45,50.93,61.21,60.48,0.76,1.0,-0.06,0.41
1000.0,8000.0,1,3,5232.68,6.44,40.01,1.0,0.0,0.0,0.0,-0.02,1.91,-1.21,48.51,51.35,61.46,61.04,0.76,1.0,-0.06,0.41
1000.0,8000.0,1,3,5241.19,6.22,40.01,1.0,0.0,0.0,0.0,-0.02,1.91,-1.17,48.53,51.95,61.66,61.54,0.76,0.99,-0.06,0.41
1000.0,8000.0,1,3,5241.19,6.22,40.01,1.0,0.0,0.0,0.0,-0.02,1.91,-1.15,48.49,52.23,62.27,62.21,0.75,0.99,-0.06,0.42
1000.0,8000.0,1,3,5249.66,6.47,40.01,1.0,0.0,0.0,0.0,-0.01,1.91,-1.14,48.49,52.69,62.84,62.31,0.76,0.99,-0.05,0.42
1000.0,8000.0,1,3,5258.24,6.25,40.01,1.0,0.0,0.0,0.0,-0.01,1.9,-1.12,48.53,52.99,63.05,62.81,0.76,0.98,-0.05,0.41
1000.0,8000.0,1,3,5266.37,6.4,40.01,1.0,0.0,0.0,0.0,-0.01,1.9,-1.1,48.44,53.15,63.13,63.36,0.76,0.98,-0.04,0.41
1000.0,8000.0,1,3,5275.07,6.55,40.01,1.0,0.0,0.0,0.0,-0.0,1.9,-1.06,48.51,53.9,63.77,63.79,0.76,0.97,-0.04,0.41
1000.0,8000.0,1,3,5283.44,6.33,40.01,1.0,0.0,0.0,0.0,-0.0,1.89,-1.04,48.44,54.22,64.32,64.21,0.76,0.95,-0.03,0.41
1000.0,8000.0,1,3,5291.8,6.24,40.01,1.0,0.0,0.0,0.0,-0.0,1.89,-1.0,48.49,54.75,64.53,64.81,0.76,0.94,-0.02,0.41
1000.0,8000.0,1,3,5291.8,6.24,40.01,1.0,0.0,0.0,0.0,-0.0,1.89,-0.98,48.5,54.89,64.67,64.95,0.76,0.93,-0.02,0.41
1000.0,8000.0,1,3,5299.8,6.42,40.01,1.0,0.0,0.0,0.0,0.0,1.88,-0.97,48.5,55.1,65.15,65.2,0.76,0.93,-0.01,0.41
1000.0,8000.0,1,3,5308.26,6.2,40.01,1.0,0.0,0.0,0.0,0.0,1.88,-0.95,48.44,55.7,65.62,65.78,0.76,0.92,-0.01,0.41
1000.0,8000.0,1,3,5308.26,6.2,40.01,1.0,0.0,0.0,0.0,0.0,1.88,-0.93,48.41,55.8,66.02,66.19,0.76,0.91,-0.0,0.41
1000.0,8000.0,1,3,5316.41,6.29,40.01,1.0,0.0,0.0,0.0,0.0,1.88,-0.92,48.42,56.09,66.21,66.29,0.76,0.91,-0.0,0.41
1000.0,8000.0,1,3,5324.34,6.32,40.01,1.0,0.0,0.0,0.0,0.0,1.87,-0.9,48.41,56.47,66.77,66.56,0.75,0.89,0.01,0.41
1000.0,8000.0,1,3,5332.3,6.25,40.01,1.0,0.0,0.0,0.0,0.0,1.87,-0.88,48.44,56.97,67.04,66.96,0.75,0.88,0.01,0.41
1000.0,8000.0,1,3,5339.94,6.42,40.01,1.0,0.0,0.0,0.0,0.0,1.86,-0.86,48.44,57.44,67.76,67.56,0.74,0.87,0.02,0.41
1000.0,8000.0,1,3,5348.13,6.2,40.01,1.0,0.0,0.0,0.0,0.0,1.85,-0.86,48.36,57.96,68.2,68.31,0.74,0.87,0.02,0.41
1000.0,8000.0,1,3,5356.03,6.31,40.01,1.0,0.0,0.0,0.0,0.0,1.85,-0.86,48.37,58.29,68.93,68.75,0.74,0.87,0.02,0.41
1000.0,8000.0,1,3,5363.77,6.28,40.01,1.0,0.0,0.0,0.0,0.0,1.85,-0.85,48.39,58.75,69.15,69.2,0.73,0.86,0.03,0.42
1000.0,8000.0,1,3,5363.77,6.28,40.01,1.0,0.0,0.0,0.0,0.0,1.84,-0.85,48.36,59.36,69.82,69.56,0.73,0.86,0.02,0.42
1000.0,8000.0,1,3,5371.2,6.35,40.01,1.0,0.0,0.0,0.0,0.01,1.83,-0.85,48.3,59.55,70.42,70.07,0.73,0.86,0.03,0.42
1000.0,8000.0,1,3,5379.19,6.18,40.01,1.0,0.0,0.0,0.0,0.01,1.83,-0.85,48.36,59.88,70.73,70.82,0.72,0.86,0.03,0.42
1000.0,8000.0,1,3,5387.03,6.57,40.01,1.0,0.0,0.0,0.0,0.01,1.82,-0.86,48.29,60.17,70.82,70.76,0.72,0.86,0.03,0.42
1000.0,8000.0,1,3,5394.54,6.19,40.01,1.0,0.0,0.0,0.0,0.01,1.81,-0.87,48.25,60.53,71.55,71.35,0.72,0.86,0.03,0.42
1000.0,8000.0,1,3,5402.4,6.54,40.01,1.0,0.0,0.0,0.0,0.01,1.81,-0.88,48.3,61.0,71.84,71.99,0.72,0.86,0.03,0.43
1000.0,8000.0,1,3,5409.88,6.32,40.01,1.0,0.0,0.0,0.0,0.02,1.81,-0.89,48.31,61.37,72.34,72.39,0.72,0.86,0.03,0.42
1000.0,8000.0,1,3,5417.38,6.26,40.01,1.0,0.0,0.0,0.0,0.02,1.8,-0.9,48.25,61.84,72.84,72.91,0.71,0.87,0.04,0.43
1000.0,8000.0,1,3,5424.41,6.4,40.01,1.0,0.0,0.0,0.0,0.03,1.8,-0.92,48.29,62.21,73.33,73.31,0.71,0.87,0.04,0.42
1000.0,8000.0,1,3,5432.18,6.18,40.01,1.0,0.0,0.0,0.0,0.03,1.79,-0.93,48.16,62.73,73.74,73.72,0.71,0.87,0.04,0.42
1000.0,8000.0,1,3,5439.59,6.35,40.01,1.0,0.0,0.0,0.0,0.03,1.79,-0.95,48.23,62.97,74.26,74.36,0.71,0.87,0.05,0.42
1000.0,8000.0,1,3,5446.89,6.18,40.01,1.0,0.0,0.0,0.0,0.04,1.79,-0.96,48.2,63.63,74.54,74.8,0.71,0.88,0.05,0.42
1000.0,8000.0,1,3,5446.89,6.18,40.01,1.0,0.0,0.0,0.0,0.04,1.78,-0.98,48.25,63.88,74.94,75.11,0.72,0.88,0.05,0.41
1000.0,8000.0,1,3,5454.49,6.57,40.01,1.0,0.0,0.0,0.0,0.04,1.78,-0.99,48.21,64.17,75.29,75.39,0.72,0.88,0.05,0.41
1000.0,8000.0,1,3,5461.52,6.35,40.01,1.0,0.0,0.0,0.0,0.04,1.78,-1.0,48.25,64.36,75.38,75.71,0.71,0.88,0.06,0.41
1000.0,8000.0,1,3,5468.97,6.19,40.01,1.0,0.0,0.0,0.0,0.05,1.77,-1.02,48.71,64.92,75.75,75.83,0.71,0.88,0.06,0.41
1000.0,8000.0,1,3,5476.25,6.57,40.01,1.0,0.0,0.0,0.0,0.05,1.76,-1.04,50.2,65.25,76.26,76.4,0.71,0.88,0.07,0.41
1000.0,8000.0,1,3,5483.12,6.2,40.01,1.0,0.0,0.0,0.0,0.05,1.76,-1.06,52.4,65.75,76.67,76.69,0.72,0.89,0.07,0.4
1000.0,8000.0,1,3,5490.35,6.54,40.01,1.0,0.0,0.0,0.0,0.05,1.75,-1.08,56.3,66.15,77.15,77.07,0.73,0.89,0.08,0.4
1000.0,8000.0,1,3,5497.23,6.32,40.01,1.0,0.0,0.0,0.0,0.05,1.74,-1.11,62.02,66.46,77.35,77.65,0.74,0.9,0.08,0.39
1000.0,8000.0,1,3,5504.04,6.27,40.01,1.0,0.0,0.0,0.0,0.05,1.73,-1.13,67.54,66.89,77.68,78.11,0.76,0.9,0.09,0.39
1000.0,8000.0,1,3,5510.41,6.39,40.01,1.0,0.0,0.0,0.0,0.05,1.73,-1.16,67.68,67.24,78.12,78.18,0.78,0.9,0.09,0.39
1000.0,8000.0,1,3,5510.41,6.39,40.01,1.0,0.0,0.0,0.0,0.05,1.73,-1.17,67.52,67.36,78.37,78.55,0.78,0.9,0.09,0.38
1000.0,8000.0,1,3,5517.48,6.17,40.01,1.0,0.0,0.0,0.0,0.04,1.72,-1.18,67.69,67.54,78.75,78.84,0.79,0.91,0.09,0.39
1000.0,8000.0,1,3,5524.53,6.62,40.01,1.0,0.0,0.0,0.0,0.04,1.72,-1.2,67.91,68.19,78.93,78.9,0.8,0.92,0.09,0.39
1000.0,8000.0,1,3,5531.05,6.17,40.01,1.0,0.0,0.0,0.0,0.04,1.71,-1.22,68.71,68.68,79.22,79.24,0.81,0.93,0.1,0.39
1000.0,8000.0,1,3,5538.15,6.61,40.01,1.0,0.0,0.0,0.0,0.04,1.71,-1.22,68.97,68.84,79.97,79.75,0.81,0.93,0.1,0.39
1000.0,8000.0,1,3,5544.86,6.39,40.01,1.0,0.0,0.0,0.0,0.04,1.71,-1.23,69.48,69.27,80.47,80.45,0.82,0.93,0.1,0.39
1000.0,8000.0,1,3,5551.61,6.17,40.01,1.0,0.0,0.0,0.0,0.04,1.71,-1.26,69.83,69.68,80.51,80.92,0.83,0.94,0.09,0.4
1000.0,8000.0,1,3,5558.64,6.63,40.01,1.0,0.0,0.0,0.0,0.04,1.7,-1.27,70.19,70.15,81.29,81.45,0.83,0.95,0.09,0.4
1000.0,8000.0,1,3,5565.12,6.4,40.01,1.0,0.0,0.0,0.0,0.03,1.7,-1.28,70.69,70.39,81.74,81.77,0.83,0.96,0.09,0.4
1000.0,8000.0,1,3,5571.98,6.18,40.01,1.0,0.0,0.0,0.0,0.03,1.7,-1.28,70.94,70.94,81.9,81.69,0.83,0.97,0.09,0.41
1000.0,8000.0,1,3,5578.79,6.6,40.01,1.0,0.0,0.0,0.0,0.03,1.69,-1.29,71.31,71.3,82.52,82.09,0.83,0.97,0.09,0.41
1000.0,8000.0,1,3,5578.79,6.6,40.01,1.0,0.0,0.0,0.0,0.03,1.69,-1.29,71.67,71.56,82.34,82.49,0.83,0.97,0.09,0.41
1000.0,8000.0,1,3,5584.88,6.37,40.01,1.0,0.0,0.0,0.0,0.03,1.69,-1.29,71.99,71.89,82.58,82.97,0.83,0.97,0.08,0.42
1000.0,8000.0,1,3,5591.92,6.66,40.01,1.0,0.0,0.0,0.0,0.03,1.69,-1.3,72.2,72.16,83.21,83.18,0.83,0.98,0.08,0.42
1000.0,8000.0,1,3,5598.8,6.44,40.01,1.0,0.0,0.0,0.0,0.03,1.68,-1.3,72.48,72.38,83.53,83.04,0.83,0.99,0.08,0.42
1000.0,8000.0,1,3,5605.31,6.22,40.01,1.0,0.0,0.0,0.0,0.03,1.68,-1.3,73.05,73.04,83.53,83.64,0.83,0.99,0.09,0.42
1000.0,8000.0,1,3,5611.94,6.51,40.01,1.0,0.0,0.0,0.0,0.03,1.68,-1.3,73.3,73.12,84.16,84.16,0.83,0.99,0.08,0.43
1000.0,8000.0,1,3,5618.37,6.28,40.01,1.0,0.0,0.0,0.0,0.03,1.67,-1.3,73.7,73.81,84.59,84.59,0.83,0.99,0.08,0.43
1000.0,8000.0,1,3,5624.53,6.36,40.01,1.0,0.0,0.0,0.0,0.03,1.67,-1.3,74.08,74.01,84.89,84.86,0.84,0.99,0.09,0.43
1000.0,8000.0,1,3,5631.22,6.18,40.01,1.0,0.0,0.0,0.0,0.02,1.67,-1.29,74.42,74.41,85.06,85.06,0.84,0.99,0.09,0.44
1000.0,8000.0,1,3,5631.22,6.18,40.01,1.0,0.0,0.0,0.0,0.02,1.67,-1.29,74.86,74.7,85.8,85.61,0.84,0.99,0.09,0.43
1000.0,8000.0,1,3,5638.17,6.62,40.01,1.0,0.0,0.0,0.0,0.02,1.66,-1.29,75.09,75.02,85.88,85.58,0.84,0.99,0.09,0.43
1000.0,8000.0,1,3,5644.56,6.4,40.01,1.0,0.0,0.0,0.0,0.02,1.66,-1.29,75.42,75.25,86.04,86.17,0.84,0.99,0.1,0.43
1000.0,8000.0,1,3,5651.78,6.18,40.01,1.0,0.0,0.0,0.0,0.01,1.66,-1.29,75.66,75.5,86.48,86.48,0.84,0.99,0.1,0.43
1000.0,8000.0,1,3,5658.99,6.62,40.01,1.0,0.0,0.0,0.0,0.01,1.66,-1.28,75.88,75.93,86.79,86.61,0.84,0.98,0.1,0.43
1000.0,8000.0,1,3,5665.78,6.18,40.01,1.0,0.0,0.0,0.0,0.01,1.65,-1.28,76.41,76.5,87.02,87.12,0.84,0.98,0.11,0.43
1000.0,8000.0,1,3,5673.33,6.62,40.01,1.0,0.0,0.0,0.0,0.0,1.65,-1.27,76.64,76.62,87.47,87.42,0.84,0.98,0.11,0.44
1000.0,8000.0,1,3,5680.65,6.4,40.01,1.0,0.0,0.0,0.0,0.0,1.65,-1.27,77.19,77.01,87.95,87.72,0.84,0.98,0.11,0.44
1000.0,8000.0,1,3,5688.11,6.18,40.01,1.0,0.0,0.0,0.0,-0.0,1.65,-1.27,77.6,77.56,88.1,88.02,0.84,0.98,0.12,0.44
1000.0,8000.0,1,3,5696.06,6.63,40.01,1.0,0.0,0.0,0.0,-0.0,1.64,-1.27,77.73,77.96,88.52,88.51,0.85,0.98,0.12,0.44
1000.0,8000.0,1,3,5703.74,6.41,40.01,1.0,0.0,0.0,0.0,-0.0,1.63,-1.26,78.09,78.38,88.93,89.04,0.84,0.98,0.12,0.45
1000.0,8000.0,1,3,5711.92,6.19,40.01,1.0,0.0,0.0,0.0,-0.0,1.63,-1.26,78.61,78.67,89.21,89.21,0.84,0.98,0.12,0.45
1000.0,8000.0,1,3,5720.34,6.6,40.01,1.0,0.0,0.0,0.0,-0.01,1.63,-1.26,78.86,78.94,89.6,89.59,0.84,0.98,0.12,0.45
1000.0,8000.0,1,3,5728.41,6.38,40.01,1.0,0.0,0.0,0.0,-0.0,1.63,-1.26,79.27,79.31,89.72,89.74,0.84,0.99,0.12,0.46
1000.0,8000.0,1,3,5728.41,6.38,40.01,1.0,0.0,0.0,0.0,-0.0,1.62,-1.26,79.64,79.69,90.07,90.01,0.84,0.99,0.12,0.46
1000.0,8000.0,1,3,5737.48,6.16,40.01,1.0,0.0,0.0,0.0,-0.0,1.62,-1.26,79.78,79.95,90.4,90.22,0.84,0.99,0.12,0.46
1000.0,8000.0,1,3,5746.91,6.66,40.01,1.0,0.0,0.0,0.0,-0.0,1.62,-1.26,79.87,80.36,90.77,90.56,0.84,0.99,0.12,0.46
1000.0,8000.0,1,3,5756.18,6.46,40.01,1.0,0.0,0.0,0.0,-0.0,1.61,-1.26,80.27,80.5,90.89,91.02,0.84,0.99,0.12,0.47
1000.0,8000.0,1,3,5766.08,6.48,40.01,1.0,0.0,0.0,0.0,-0.0,1.61,-1.26,80.67,80.9,91.25,91.06,0.84,0.99,0.12,0.47
1000.0,8000.0,1,3,5776.15,6.26,40.01,1.0,0.0,0.0,0.0,-0.0,1.61,-1.26,81.06,81.21,91.5,91.41,0.84,1.0,0.12,0.47
1000.0,8000.0,1,3,5786.78,6.42,40.01,1.0,0.0,0.0,0.0,-0.0,1.6,-1.27,81.38,81.54,91.72,91.9,0.84,1.0,0.12,0.47
1000.0,8000.0,1,3,5797.94,6.21,40.01,1.0,0.0,0.0,0.0,0.0,1.6,-1.26,81.69,81.9,92.08,92.13,0.84,1.0,0.13,0.48
1000.0,8000.0,1,3,5797.94,6.21,40.01,1.0,0.0,0.0,0.0,0.0,1.6,-1.26,81.77,82.43,92.34,92.26,0.84,1.0,0.13,0.47
1000.0,8000.0,1,3,5810.29,6.58,40.01,1.0,0.0,0.0,0.0,0.0,1.6,-1.27,82.03,82.39,92.7,92.34,0.84,1.01,0.13,0.48
1000.0,8000.0,1,3,5822.89,6.36,40.01,1.0,0.0,0.0,0.0,0.01,1.59,-1.27,82.36,82.69,93.06,92.53,0.84,1.01,0.13,0.48
1000.0,8000.0,1,3,5836.62,6.18,40.01,1.0,0.0,0.0,0.0,0.01,1.59,-1.27,82.73,83.15,92.95,93.31,0.84,1.0,0.13,0.48
1000.0,8000.0,1,3,5851.38,6.64,40.01,1.0,0.0,0.0,0.0,0.01,1.59,-1.27,83.04,83.38,93.52,93.49,0.84,1.01,0.14,0.48
1000.0,8000.0,1,3,5866.4,6.42,40.01,1.0,0.0,0.0,0.0,0.01,1.58,-1.28,83.42,83.97,93.9,93.81,0.85,1.01,0.14,0.48
1000.0,8000.0,1,3,5882.59,6.2,40.01,1.0,0.0,0.0,0.0,0.01,1.58,-1.28,83.77,84.26,94.54,94.03,0.85,1.01,0.14,0.48
1000.0,8000.0,1,3,5899.15,6.61,40.01,1.0,0.0,0.0,0.0,0.01,1.57,-1.28,84.16,84.54,94.88,94.7,0.85,1.01,0.15,0.48
1000.0,8000.0,1,3,5915.71,6.17,40.01,1.0,0.0,0.0,0.0,0.02,1.57,-1.28,84.48,84.99,95.15,94.74,0.85,1.01,0.15,0.48
1000.0,8000.0,1,3,5915.71,6.17,40.01,1.0,0.0,0.0,0.0,0.02,1.57,-1.29,84.67,84.99,95.16,95.36,0.86,1.01,0.15,0.47
1000.0,8000.0,1,3,5933.6,6.67,40.01,1.0,0.0,0.0,0.0,0.02,1.57,-1.28,84.97,85.41,95.51,95.61,0.85,1.01,0.16,0.48
1000.0,8000.0,1,3,5951.64,6.47,40.01,1.0,0.0,0.0,0.0,0.02,1.56,-1.28,85.24,85.59,95.9,95.56,0.85,1.01,0.16,0.48
1000.0,8000.0,1,3,5969.99,6.25,40.01,1.0,0.0,0.0,0.0,0.02,1.56,-1.29,85.41,85.93,96.2,96.05,0.86,1.01,0.16,0.47
1000.0,8000.0,1,3,5988.5,6.49,40.01,1.0,0.0,0.0,0.0,0.02,1.55,-1.3,85.89,86.49,96.56,96.4,0.86,1.02,0.17,0.47
1000.0,8000.0,1,3,6007.51,6.27,40.01,1.0,0.0,0.0,0.0,0.02,1.55,-1.29,86.36,86.69,96.85,96.52,0.86,1.01,0.17,0.47
1000.0,8000.0,1,3,6026.53,6.44,40.01,1.0,0.0,0.0,0.0,0.02,1.55,-1.29,86.77,86.92,97.32,96.61,0.87,1.02,0.17,0.47
1000.0,8000.0,1,3,6046.45,6.22,40.01,1.0,0.0,0.0,0.0,0.02,1.54,-1.3,86.99,87.33,97.78,97.13,0.87,1.02,0.17,0.47
1000.0,8000.0,1,3,6066.28,6.58,40.01,1.0,0.0,0.0,0.0,0.02,1.54,-1.3,87.42,87.64,97.7,97.87,0.87,1.02,0.18,0.47
1000.0,8000.0,1,3,6085.75,6.19,40.01,1.0,0.0,0.0,0.0,0.02,1.53,-1.3,87.63,88.13,97.94,98.25,0.88,1.02,0.18,0.47
1000.0,8000.0,1,3,6085.75,6.19,40.01,1.0,0.0,0.0,0.0,0.02,1.53,-1.31,87.95,88.14,98.45,98.27,0.88,1.02,0.18,0.47
1000.0,8000.0,1,3,6106.27,6.68,40.01,1.0,0.0,0.0,0.0,0.02,1.53,-1.31,88.25,88.67,98.74,98.89,0.88,1.02,0.18,0.47
1000.0,8000.0,1,3,6126.45,6.46,40.01,1.0,0.0,0.0,0.0,0.02,1.52,-1.31,88.54,88.83,99.21,99.04,0.88,1.02,0.19,0.47
1000.0,8000.0,1,3,6146.82,6.24,40.01,1.0,0.0,0.0,0.0,0.03,1.52,-1.32,88.7,89.03,99.24,98.79,0.88,1.03,0.18,0.47
1000.0,8000.0,1,3,6167.0,6.55,40.01,1.0,0.0,0.0,0.0,0.03,1.52,-1.31,89.01,89.4,99.83,99.35,0.88,1.03,0.19,0.48
1000.0,8000.0,1,3,6187.04,6.33,40.01,1.0,0.0,0.0,0.0,0.03,1.52,-1.31,89.35,89.86,99.94,99.84,0.88,1.03,0.19,0.48
1000.0,8000.0,1,3,6207.14,6.28,40.01,1.0,0.0,0.0,0.0,0.03,1.51,-1.31,89.85,90.06,100.26,100.13,0.88,1.03,0.19,0.48
1000.0,8000.0,1,3,6227.9,6.43,40.01,1.0,0.0,0.0,0.0,0.03,1.51,-1.32,90.22,90.59,100.51,100.43,0.88,1.03,0.19,0.48
1000.0,8000.0,1,3,6249.02,6.21,40.01,1.0,0.0,0.0,0.0,0.03,1.51,-1.32,90.55,90.79,101.03,101.13,0.88,1.03,0.2,0.48
1000.0,8000.0,1,3,6270.39,6.64,40.01,1.0,0.0,0.0,0.0,0.04,1.5,-1.33,90.75,91.13,101.41,101.55,0.89,1.04,0.19,0.48
1000.0,8000.0,1,3,6270.39,6.64,40.01,1.0,0.0,0.0,0.0,0.04,1.5,-1.32,91.32,91.37,101.65,101.74,0.89,1.04,0.2,0.48
1000.0,8000.0,1,3,6290.85,6.41,40.01,1.0,0.0,0.0,0.0,0.04,1.5,-1.32,91.54,91.92,102.13,101.91,0.89,1.04,0.2,0.48
1000.0,8000.0,1,3,6312.4,6.69,40.01,1.0,0.0,0.0,0.0,0.04,1.49,-1.32,91.78,91.93,102.46,102.24,0.89,1.04,0.2,0.48
1000.0,8000.0,1,3,6333.77,6.47,40.01,1.0,0.0,0.0,0.0,0.04,1.49,-1.32,91.85,92.11,102.55,102.44,0.89,1.04,0.2,0.48
1000.0,8000.0,1,3,6354.85,6.25,40.01,1.0,0.0,0.0,0.0,0.04,1.49,-1.33,92.12,92.53,102.74,102.73,0.89,1.04,0.2,0.48
1000.0,8000.0,1,3,6375.9,6.52,40.01,1.0,0.0,0.0,0.0,0.05,1.48,-1.33,92.53,92.7,102.95,103.5,0.89,1.04,0.2,0.48
1000.0,8000.0,1,3,6397.3,6.3,40.01,1.0,0.0,0.0,0.0,0.05,1.48,-1.33,92.98,93.2,103.35,103.74,0.9,1.04,0.21,0.48
1000.0,8000.0,1,3,6419.24,6.36,40.01,1.0,0.0,0.0,0.0,0.05,1.47,-1.34,93.23,93.37,103.62,103.74,0.9,1.04,0.21,0.48
1000.0,8000.0,1,3,6441.35,6.17,40.01,1.0,0.0,0.0,0.0,0.05,1.47,-1.33,93.56,93.78,104.13,104.39,0.9,1.03,0.22,0.48
1000.0,8000.0,1,3,6464.97,6.67,40.01,1.0,0.0,0.0,0.0,0.05,1.47,-1.34,93.92,94.18,104.89,104.68,0.9,1.03,0.21,0.48
1000.0,8000.0,1,3,6487.93,6.58,40.01,1.0,0.0,0.0,0.0,0.05,1.46,-1.34,94.29,94.48,104.93,105.06,0.91,1.03,0.22,0.48
1000.0,8000.0,1,3,6487.93,6.58,40.01,1.0,0.0,0.0,0.0,0.05,1.46,-1.34,94.54,94.68,104.92,105.58,0.91,1.03,0.22,0.48
1000.0,8000.0,1,3,6510.12,6.36,40.01,1.0,0.0,0.0,0.0,0.05,1.46,-1.35,94.77,94.91,105.54,106.17,0.91,1.03,0.22,0.48
1000.0,8000.0,1,3,6533.35,6.19,40.01,1.0,0.0,0.0,0.0,0.05,1.45,-1.34,95.07,94.83,105.54,105.76,0.91,1.03,0.22,0.48
1000.0,8000.0,1,3,6558.27,6.69,40.01,1.0,0.0,0.0,0.0,0.05,1.45,-1.34,95.44,95.32,105.57,106.01,0.92,1.03,0.22,0.48
1000.0,8000.0,1,3,6584.01,6.31,40.01,1.0,0.0,0.0,0.0,0.05,1.45,-1.35,95.58,95.6,105.97,106.42,0.92,1.03,0.23,0.48
1000.0,8000.0,1,3,6607.11,6.35,40.01,1.0,0.0,0.0,0.0,0.05,1.45,-1.36,95.88,95.99,107.2,107.44,0.93,1.03,0.23,0.48
1000.0,8000.0,1,3,6630.44,6.21,40.01,1.0,0.0,0.0,0.0,0.05,1.45,-1.36,96.15,96.19,107.08,107.0,0.93,1.03,0.23,0.48
1000.0,8000.0,1,3,6656.9,6.71,40.01,1.0,0.0,0.0,0.0,0.05,1.45,-1.37,96.78,96.54,106.95,107.18,0.93,1.03,0.22,0.47
1000.0,8000.0,1,3,6679.66,6.49,40.01,1.0,0.0,0.0,0.0,0.05,1.44,-1.36,96.85,96.62,107.1,107.48,0.93,1.03,0.23,0.48
1000.0,8000.0,1,3,6701.0,6.27,40.01,1.0,0.0,0.0,0.0,0.05,1.44,-1.35,97.16,97.36,108.22,108.42,0.93,1.03,0.23,0.48
1000.0,8000.0,1,3,6725.6,6.5,40.01,1.0,0.0,0.0,0.0,0.04,1.44,-1.37,97.65,97.45,108.7,108.72,0.93,1.03,0.23,0.48
1000.0,8000.0,1,3,6749.11,6.28,40.01,1.0,0.0,0.0,0.0,0.04,1.44,-1.37,97.86,97.98,108.11,108.43,0.94,1.03,0.23,0.48
1000.0,8000.0,1,3,6769.43,6.46,40.01,1.0,0.0,0.0,0.0,0.04,1.43,-1.39,98.02,98.18,109.86,109.97,0.94,1.04,0.23,0.48
1000.0,8000.0,1,3,6792.46,6.24,40.01,1.0,0.0,0.0,0.0,0.04,1.44,-1.35,98.74,98.38,109.28,108.71,0.93,1.03,0.23,0.49
1000.0,8000.0,1,3,6792.46,6.24,40.01,1.0,0.0,0.0,0.0,0.04,1.43,-1.37,99.04,98.7,108.13,108.24,0.94,1.03,0.23,0.48
1000.0,8000.0,1,3,6818.39,6.62,40.01,1.0,0.0,0.0,0.0,0.04,1.43,-1.38,99.06,98.78,108.63,108.65,0.94,1.04,0.23,0.48
1000.0,8000.0,1,3,6843.11,6.4,40.01,1.0,0.0,0.0,0.0,0.03,1.43,-1.36,99.41,99.02,110.35,110.68,0.94,1.04,0.23,0.49
1000.0,8000.0,1,3,6866.82,6.18,40.01,1.0,0.0,0.0,0.0,0.03,1.43,-1.38,99.45,99.91,111.76,111.92,0.94,1.04,0.23,0.49
1000.0,8000.0,1,3,6892.53,6.62,40.01,1.0,0.0,0.0,0.0,0.03,1.42,-1.38,99.85,99.78,110.43,110.94,0.94,1.04,0.23,0.49
1000.0,8000.0,1,3,6920.82,6.39,40.01,1.0,0.0,0.0,0.0,0.02,1.42,-1.39,100.37,100.3,109.47,109.8,0.94,1.04,0.23,0.49
1000.0,8000.0,1,3,6940.67,6.18,40.01,1.0,0.0,0.0,0.0,0.02,1.42,-1.38,100.64,100.31,112.52,112.54,0.94,1.04,0.23,0.5
1000.0,8000.0,1,3,6964.52,6.68,40.01,1.0,0.0,0.0,0.0,0.02,1.42,-1.37,100.61,100.74,112.47,112.43,0.93,1.04,0.23,0.5
1000.0,8000.0,1,3,6987.01,6.64,40.01,1.0,0.0,0.0,0.0,0.02,1.41,-1.4,100.98,101.42,112.76,112.73,0.94,1.05,0.22,0.5
1000.0,8000.0,1,3,6987.01,6.64,40.01,1.0,0.0,0.0,0.0,0.02,1.41,-1.4,101.42,101.7,113.35,113.38,0.94,1.05,0.22,0.5
1000.0,8000.0,1,3,7006.56,6.42,40.01,1.0,0.0,0.0,0.0,0.01,1.41,-1.39,101.86,101.61,113.57,113.24,0.94,1.05,0.22,0.51
1000.0,8000.0,1,3,7025.51,6.2,40.01,1.0,0.0,0.0,0.0,0.01,1.42,-1.38,101.72,102.04,113.02,112.6,0.94,1.05,0.22,0.51
1000.0,8000.0,1,3,7045.58,6.7,40.01,1.0,0.0,0.0,0.0,0.01,1.42,-1.39,102.13,102.35,113.28,113.3,0.94,1.05,0.22,0.5
1000.0,8000.0,1,3,7065.5,6.57,40.01,1.0,0.0,0.0,0.0,0.01,1.42,-1.38,102.38,102.61,113.99,114.11,0.94,1.05,0.23,0.51
1000.0,8000.0,1,3,7089.07,6.34,40.01,1.0,0.0,0.0,0.0,0.01,1.41,-1.39,102.77,102.67,111.65,111.5,0.94,1.06,0.22,0.51
1000.0,8000.0,1,3,7111.76,6.24,40.01,1.0,0.0,0.0,0.0,0.0,1.41,-1.39,102.94,103.23,114.4,114.34,0.94,1.06,0.23,0.51
1000.0,8000.0,1,3,7136.49,6.65,40.01,1.0,0.0,0.0,0.0,0.0,1.41,-1.38,103.27,103.71,115.7,115.43,0.94,1.05,0.23,0.51
1000.0,8000.0,1,3,7160.55,6.21,40.01,1.0,0.0,0.0,0.0,-0.0,1.41,-1.39,103.56,104.12,112.78,113.03,0.94,1.06,0.22,0.51
1000.0,8000.0,1,3,7160.55,6.21,40.01,1.0,0.0,0.0,0.0,-0.0,1.41,-1.37,103.96,104.21,115.9,115.9,0.93,1.05,0.23,0.52
1000.0,8000.0,1,3,7177.75,6.71,40.01,1.0,0.0,0.0,0.0,-0.0,1.42,-1.39,104.01,104.31,113.86,114.28,0.94,1.06,0.22,0.52
1000.0,8000.0,1,3,7199.37,6.56,40.01,1.0,0.0,0.0,0.0,-0.01,1.42,-1.37,104.18,104.63,116.56,116.08,0.93,1.05,0.22,0.52
1000.0,8000.0,1,3,7219.79,6.34,40.01,1.0,0.0,0.0,0.0,-0.01,1.41,-1.4,104.5,104.88,115.79,116.02,0.94,1.06,0.21,0.52
1000.0,8000.0,1,3,7236.2,6.26,40.01,1.0,0.0,0.0,0.0,-0.01,1.42,-1.4,104.78,105.17,115.51,115.96,0.94,1.06,0.22,0.52
1000.0,8000.0,1,3,7249.56,6.57,40.01,1.0,0.0,0.0,0.0,-0.01,1.42,-1.39,105.08,105.68,117.35,117.06,0.94,1.06,0.22,0.52
1000.0,8000.0,1,3,7267.11,6.34,40.01,1.0,0.0,0.0,0.0,-0.01,1.42,-1.39,105.58,106.08,116.63,116.25,0.93,1.06,0.22,0.52
1000.0,8000.0,1,3,7267.11,6.34,40.01,1.0,0.0,0.0,0.0,-0.01,1.42,-1.38,105.55,105.92,116.22,115.77,0.93,1.06,0.22,0.52
1000.0,8000.0,1,3,7287.42,6.25,40.01,1.0,0.0,0.0,0.0,-0.01,1.42,-1.39,105.86,106.27,116.82,116.8,0.93,1.06,0.22,0.52
1000.0,8000.0,1,3,7304.81,6.64,40.01,1.0,0.0,0.0,0.0,-0.01,1.42,-1.4,106.01,106.75,118.32,118.33,0.94,1.07,0.22,0.52
1000.0,8000.0,1,3,7327.27,6.2,40.01,1.0,0.0,0.0,0.0,-0.01,1.41,-1.39,106.47,106.96,115.68,115.4,0.93,1.07,0.22,0.52
1000.0,8000.0,1,3,7351.03,6.7,40.01,1.0,0.0,0.0,0.0,-0.01,1.41,-1.39,106.71,107.33,117.96,117.49,0.93,1.07,0.22,0.52
1000.0,8000.0,1,3,7372.02,6.61,40.01,1.0,0.0,0.0,0.0,-0.01,1.41,-1.38,106.95,107.62,120.15,119.8,0.92,1.07,0.23,0.52
1000.0,8000.0,1,3,7395.14,6.39,40.01,1.0,0.0,0.0,0.0,-0.01,1.41,-1.4,107.35,107.9,116.22,115.91,0.93,1.07,0.22,0.52
1000.0,8000.0,1,3,7415.25,6.17,40.01,1.0,0.0,0.0,0.0,-0.01,1.41,-1.41,107.74,108.47,119.25,119.35,0.93,1.08,0.22,0.52
1000.0,8000.0,1,3,7436.0,6.67,40.01,1.0,0.0,0.0,0.0,-0.01,1.41,-1.37,107.92,108.72,120.76,120.71,0.92,1.07,0.23,0.53
1000.0,8000.0,1,3,7460.24,6.73,40.01,1.0,0.0,0.0,0.0,-0.01,1.4,-1.41,108.29,109.27,116.96,116.7,0.93,1.08,0.22,0.52
1000.0,8000.0,1,3,7460.24,6.73,40.01,1.0,0.0,0.0,0.0,-0.01,1.4,-1.37,108.37,109.35,120.68,120.51,0.92,1.07,0.23,0.53
1000.0,8000.0,1,3,7481.11,6.5,40.01,1.0,0.0,0.0,0.0,-0.01,1.4,-1.42,108.81,109.44,117.93,117.26,0.93,1.09,0.22,0.52
1000.0,8000.0,1,3,7503.32,6.52,40.01,1.0,0.0,0.0,0.0,-0.0,1.39,-1.4,109.05,109.87,119.14,118.53,0.92,1.08,0.22,0.52
1000.0,8000.0,1,3,7526.42,6.3,40.01,1.0,0.0,0.0,0.0,-0.0,1.38,-1.41,109.2,110.24,118.22,118.12,0.93,1.08,0.22,0.52
1000.0,8000.0,1,3,7546.0,6.43,40.01,1.0,0.0,0.0,0.0,-0.0,1.38,-1.4,109.55,110.44,120.93,120.39,0.93,1.08,0.23,0.52
1000.0,8000.0,1,3,7564.26,6.21,40.01,1.0,0.0,0.0,0.0,0.0,1.39,-1.37,109.89,110.56,123.61,122.38,0.92,1.07,0.23,0.53
1000.0,8000.0,1,3,7585.91,6.71,40.01,1.0,0.0,0.0,0.0,0.0,1.39,-1.39,110.26,111.03,120.28,118.95,0.92,1.08,0.23,0.52
1000.0,8000.0,1,3,7607.35,6.57,40.01,1.0,0.0,0.0,0.0,0.0,1.39,-1.4,110.52,111.44,120.93,119.99,0.93,1.08,0.23,0.52
1000.0,8000.0,1,3,7623.87,6.35,40.01,1.0,0.0,0.0,0.0,0.01,1.39,-1.39,110.91,111.8,124.87,124.2,0.92,1.08,0.24,0.53
1000.0,8000.0,1,3,7647.26,6.23,40.01,1.0,0.0,0.0,0.0,0.01,1.39,-1.38,111.17,112.13,119.89,120.44,0.92,1.08,0.24,0.52
1000.0,8000.0,1,3,7669.28,6.52,40.01,1.0,0.0,0.0,0.0,0.01,1.38,-1.4,111.53,112.49,121.8,121.79,0.93,1.08,0.24,0.52
1000.0,8000.0,1,3,7688.45,6.3,40.01,1.0,0.0,0.0,0.0,0.01,1.39,-1.4,111.65,112.53,125.52,124.87,0.92,1.08,0.24,0.52
1000.0,8000.0,1,3,7709.92,6.44,40.01,1.0,0.0,0.0,0.0,0.01,1.38,-1.39,112.16,112.85,122.15,122.83,0.92,1.08,0.25,0.52
1000.0,8000.0,1,3,7709.92,6.44,40.01,1.0,0.0,0.0,0.0,0.01,1.39,-1.4,112.23,113.04,125.87,125.14,0.93,1.08,0.24,0.52
1000.0,8000.0,1,3,7733.11,6.22,40.01,1.0,0.0,0.0,0.0,0.01,1.39,-1.39,112.64,113.61,123.72,123.85,0.92,1.08,0.25,0.52
1000.0,8000.0,2,3,7750.87,6.72,40.01,1.0,0.0,0.0,0.0,0.02,1.38,-1.41,112.91,113.97,121.68,121.28,0.93,1.09,0.25,0.52
1000.0,8000.0,2,3,7772.71,6.54,40.01,1.0,0.0,0.0,0.0,0.02,1.38,-1.38,113.12,114.02,124.63,124.11,0.92,1.08,0.25,0.52
1000.0,8000.0,2,3,7774.05,7.04,40.01,1.0,0.0,0.0,0.0,0.02,1.37,-1.42,113.51,114.13,130.42,131.01,0.93,1.09,0.24,0.51
1000.0,8000.0,2,3,7723.65,7.55,40.01,1.0,0.0,0.0,0.0,0.02,1.37,-1.47,113.69,114.35,136.55,137.37,0.94,1.1,0.19,0.49
1000.0,8000.0,2,3,7627.17,8.05,40.01,1.0,0.0,0.0,0.0,0.02,1.39,-1.41,114.02,114.97,133.94,136.09,0.91,1.07,0.15,0.48
1000.0,8000.0,2,3,7501.65,8.55,40.01,1.0,0.0,0.0,0.0,0.02,1.4,-1.35,114.69,115.68,131.8,133.7,0.9,1.05,0.14,0.5
1000.0,8000.0,2,3,7364.06,9.55,40.01,1.0,0.0,0.0,0.0,0.02,1.42,-1.36,114.91,115.83,131.32,131.76,0.91,1.07,0.14,0.51
1000.0,8000.0,2,3,7228.3,10.05,40.01,1.0,0.0,0.0,0.0,0.02,1.44,-1.39,115.23,116.23,131.25,130.41,0.93,1.09,0.14,0.51
1000.0,8000.0,2,3,7101.36,10.55,40.01,1.0,0.0,0.0,0.0,0.03,1.46,-1.33,115.67,116.57,131.19,130.07,0.9,1.07,0.15,0.51
1000.0,8000.0,2,3,6988.34,11.05,40.01,1.0,0.0,0.0,0.0,0.03,1.48,-1.31,116.0,117.19,131.07,130.16,0.89,1.07,0.15,0.49
1000.0,8000.0,2,3,6891.54,11.55,40.01,1.0,0.0,0.0,0.0,0.03,1.5,-1.31,116.43,117.28,130.44,129.39,0.89,1.06,0.16,0.48
1000.0,8000.0,2,3,6891.54,11.55,40.01,1.0,0.0,0.0,0.0,0.03,1.51,-1.32,116.55,117.61,129.45,129.22,0.89,1.07,0.15,0.48
1000.0,8000.0,2,3,6811.41,12.05,40.01,1.0,0.0,0.0,0.0,0.03,1.51,-1.28,116.66,118.16,129.54,129.42,0.87,1.05,0.18,0.49
1000.0,8000.0,2,3,6747.04,12.55,40.01,1.0,0.0,0.0,0.0,0.03,1.51,-1.29,116.88,118.11,130.92,130.7,0.86,1.03,0.19,0.49
1000.0,8000.0,2,3,6697.08,13.05,40.01,1.0,0.0,0.0,0.0,0.03,1.51,-1.3,116.97,118.26,130.84,130.29,0.87,1.03,0.19,0.5
1000.0,8000.0,2,3,6659.96,13.55,40.01,1.0,0.0,0.0,0.0,0.03,1.51,-1.32,117.05,118.65,131.76,131.95,0.86,1.03,0.18,0.51
1000.0,8000.0,2,3,6633.84,14.05,40.01,1.0,0.0,0.0,0.0,0.03,1.51,-1.31,117.14,118.9,132.61,133.25,0.85,1.03,0.17,0.51
1000.0,8000.0,2,3,6617.28,14.55,40.01,1.0,0.0,0.0,0.0,0.03,1.5,-1.32,117.28,119.32,133.61,134.26,0.85,1.02,0.16,0.5
1000.0,8000.0,2,3,6608.82,15.05,40.01,1.0,0.0,0.0,0.0,0.03,1.5,-1.33,117.44,119.69,134.32,134.27,0.84,1.02,0.14,0.49
1000.0,8000.0,2,3,6606.92,16.05,40.01,1.0,0.0,0.0,0.0,0.03,1.51,-1.33,117.99,119.91,134.57,134.16,0.83,1.02,0.13,0.48
1000.0,8000.0,2,3,6610.65,16.55,40.01,1.0,0.0,0.0,0.0,0.03,1.51,-1.34,118.31,120.36,134.49,134.01,0.83,1.02,0.12,0.47
1000.0,8000.0,2,3,6618.92,17.05,40.01,1.0,0.0,0.0,0.0,0.03,1.51,-1.33,118.52,120.46,135.2,134.79,0.82,1.01,0.12,0.46
1000.0,8000.0,2,3,6630.57,17.55,40.01,1.0,0.0,0.0,0.0,0.03,1.51,-1.33,119.05,121.18,135.17,135.07,0.82,1.0,0.11,0.46
1000.0,8000.0,2,3,6630.57,17.55,40.01,1.0,0.0,0.0,0.0,0.03,1.52,-1.35,119.63,121.55,135.12,135.51,0.83,1.01,0.11,0.45
1000.0,8000.0,2,3,6645.08,18.05,40.01,1.0,0.0,0.0,0.0,0.03,1.52,-1.32,119.94,121.78,135.23,135.21,0.82,1.0,0.12,0.45
1000.0,8000.0,2,3,6660.24,18.49,40.01,1.0,0.0,0.0,0.0,0.03,1.52,-1.36,120.36,121.92,135.88,135.92,0.84,1.01,0.11,0.44
1000.0,8000.0,2,3,6675.0,17.96,40.01,1.0,0.0,0.0,0.0,0.03,1.53,-1.33,120.54,122.41,136.02,135.98,0.83,1.0,0.12,0.44
1000.0,8000.0,2,3,6689.43,18.46,40.01,1.0,0.0,0.0,0.0,0.03,1.54,-1.35,120.86,122.48,136.7,136.16,0.82,1.0,0.12,0.44
1000.0,8000.0,2,3,6701.82,18.47,40.01,1.0,0.0,0.0,0.0,0.03,1.55,-1.32,121.86,122.87,137.17,136.83,0.81,0.99,0.12,0.44
1000.0,8000.0,2,3,6713.28,17.94,40.01,1.0,0.0,0.0,0.0,0.03,1.55,-1.32,122.55,123.32,137.52,137.63,0.81,0.99,0.12,0.44
1000.0,8000.0,2,3,6724.18,18.44,40.01,1.0,0.0,0.0,0.0,0.03,1.55,-1.34,122.86,123.65,137.45,137.71,0.82,0.99,0.12,0.43
1000.0,8000.0,2,3,6733.02,18.54,40.01,1.0,0.0,0.0,0.0,0.03,1.55,-1.32,123.28,124.11,137.94,138.13,0.82,0.98,0.12,0.43
1000.0,8000.0,2,3,6741.62,18.51,40.01,1.0,0.0,0.0,0.0,0.03,1.55,-1.34,123.67,124.4,138.43,138.84,0.82,0.98,0.12,0.43
1000.0,8000.0,2,3,6749.13,18.33,40.01,1.0,0.0,0.0,0.0,0.03,1.56,-1.35,124.01,124.77,139.04,139.02,0.82,0.98,0.12,0.43
1000.0,8000.0,2,3,6749.13,18.33,40.01,1.0,0.0,0.0,0.0,0.03,1.56,-1.35,124.33,125.18,139.24,139.01,0.83,0.98,0.12,0.42
1000.0,8000.0,2,3,6761.65,18.46,40.01,1.0,0.0,0.0,0.0,0.03,1.56,-1.34,124.69,125.57,139.76,139.46,0.82,0.98,0.12,0.43
1000.0,8000.0,2,3,6761.65,18.46,40.01,1.0,0.0,0.0,0.0,0.03,1.56,-1.35,124.84,125.61,140.21,140.56,0.82,0.98,0.12,0.42
1000.0,8000.0,2,3,6767.45,18.5,40.01,1.0,0.0,0.0,0.0,0.03,1.57,-1.35,125.13,125.97,139.9,140.14,0.82,0.98,0.11,0.42
1000.0,8000.0,2,3,6772.63,17.97,40.01,1.0,0.0,0.0,0.0,0.03,1.56,-1.35,125.5,126.31,140.39,141.08,0.81,0.97,0.11,0.42
1000.0,8000.0,2,3,6778.06,18.47,40.01,1.0,0.0,0.0,0.0,0.03,1.56,-1.35,125.84,126.62,140.84,140.87,0.81,0.97,0.11,0.42
1000.0,8000.0,2,3,6782.65,18.48,40.01,1.0,0.0,0.0,0.0,0.03,1.56,-1.36,126.09,126.8,141.61,141.14,0.81,0.97,0.11,0.42
1000.0,8000.0,2,3,6787.12,17.94,40.01,1.0,0.0,0.0,0.0,0.03,1.57,-1.36,126.33,127.2,141.93,141.38,0.81,0.97,0.11,0.42
1000.0,8000.0,2,3,6792.18,18.44,40.01,1.0,0.0,0.0,0.0,0.03,1.57,-1.36,126.92,127.67,141.95,141.89,0.81,0.97,0.11,0.42
1000.0,8000.0,2,3,6796.32,18.56,40.01,1.0,0.0,0.0,0.0,0.03,1.57,-1.36,127.18,128.12,142.63,142.52,0.81,0.97,0.11,0.42
1000.0,8000.0,2,3,6800.92,18.02,40.01,1.0,0.0,0.0,0.0,0.03,1.57,-1.37,127.37,128.28,143.02,142.76,0.81,0.97,0.1,0.41
1000.0,8000.0,2,3,6805.28,18.52,40.01,1.0,0.0,0.0,0.0,0.03,1.57,-1.36,127.96,128.61,143.05,143.21,0.81,0.97,0.1,0.42
1000.0,8000.0,2,3,6808.88,18.03,40.01,1.0,0.0,0.0,0.0,0.03,1.57,-1.36,128.14,129.08,143.38,143.74,0.81,0.97,0.1,0.42
1000.0,8000.0,2,3,6808.88,18.03,40.01,1.0,0.0,0.0,0.0,0.03,1.57,-1.36,128.25,129.18,143.6,143.61,0.81,0.97,0.1,0.42
1000.0,8000.0,2,3,6813.19,18.53,40.01,1.0,0.0,0.0,0.0,0.03,1.57,-1.36,128.77,129.31,143.73,144.15,0.8,0.96,0.1,0.42
1000.0,8000.0,2,3,6817.16,18.28,40.01,1.0,0.0,0.0,0.0,0.03,1.56,-1.37,129.01,129.74,143.93,144.59,0.81,0.97,0.1,0.41
1000.0,8000.0,2,3,6821.08,18.09,40.01,1.0,0.0,0.0,0.0,0.03,1.57,-1.37,129.34,130.2,144.73,144.84,0.81,0.97,0.1,0.41
1000.0,8000.0,2,3,6825.33,18.59,40.01,1.0,0.0,0.0,0.0,0.03,1.57,-1.38,129.81,130.47,145.05,145.08,0.81,0.97,0.1,0.41
1000.0,8000.0,2,3,6829.72,18.11,40.01,1.0,0.0,0.0,0.0,0.03,1.57,-1.38,130.24,130.64,145.43,145.44,0.81,0.97,0.11,0.41
1000.0,8000.0,2,3,6833.84,18.59,40.01,1.0,0.0,0.0,0.0,0.03,1.56,-1.36,130.44,131.13,145.74,145.64,0.81,0.96,0.11,0.41
1000.0,8000.0,2,3,6833.84,18.59,40.01,1.0,0.0,0.0,0.0,0.03,1.56,-1.36,130.6,131.34,145.81,145.67,0.81,0.96,0.11,0.41
1000.0,8000.0,2,3,6838.35,18.06,40.01,1.0,0.0,0.0,0.0,0.03,1.56,-1.38,131.0,131.81,146.13,146.0,0.81,0.96,0.11,0.41
1000.0,8000.0,2,3,6842.6,18.56,40.01,1.0,0.0,0.0,0.0,0.03,1.56,-1.38,131.1,132.01,146.49,146.58,0.81,0.96,0.11,0.41
1000.0,8000.0,2,3,6846.74,18.22,40.01,1.0,0.0,0.0,0.0,0.03,1.56,-1.38,131.42,132.24,146.94,147.18,0.81,0.96,0.11,0.41
1000.0,8000.0,2,3,6850.5,18.1,40.01,1.0,0.0,0.0,0.0,0.03,1.56,-1.38,131.98,132.5,147.13,147.23,0.82,0.96,0.11,0.41
1000.0,8000.0,2,3,6855.09,18.6,40.01,1.0,0.0,0.0,0.0,0.03,1.56,-1.39,132.42,132.87,147.64,147.54,0.82,0.96,0.11,0.41
1000.0,8000.0,2,3,6859.46,18.1,40.01,1.0,0.0,0.0,0.0,0.02,1.55,-1.38,132.72,133.32,147.84,148.26,0.82,0.96,0.12,0.41
1000.0,8000.0,2,3,6864.17,18.6,40.01,1.0,0.0,0.0,0.0,0.02,1.55,-1.39,133.23,133.66,148.65,149.03,0.82,0.96,0.12,0.41
1000.0,8000.0,2,3,6868.9,18.11,40.01,1.0,0.0,0.0,0.0,0.02,1.55,-1.39,133.36,134.02,148.92,149.16,0.82,0.96,0.12,0.41
1000.0,8000.0,2,3,6873.66,18.61,40.01,1.0,0.0,0.0,0.0,0.02,1.54,-1.38,133.6,134.38,149.17,148.96,0.82,0.96,0.12,0.42
1000.0,8000.0,2,3,6878.64,18.07,40.01,1.0,0.0,0.0,0.0,0.02,1.55,-1.4,133.9,134.7,149.18,149.06,0.82,0.96,0.12,0.41
1000.0,8000.0,2,3,6883.5,18.57,40.01,1.0,0.0,0.0,0.0,0.02,1.54,-1.39,134.28,135.04,149.74,149.4,0.82,0.96,0.12,0.42
1000.0,8000.0,2,3,6888.4,18.19,40.01,1.0,0.0,0.0,0.0,0.02,1.54,-1.4,134.66,135.25,149.81,149.85,0.83,0.97,0.12,0.42
1000.0,8000.0,2,3,6892.31,18.38,40.01,1.0,0.0,0.0,0.0,0.02,1.54,-1.39,135.0,135.51,150.13,149.96,0.83,0.97,0.12,0.42
1000.0,8000.0,2,3,6896.88,17.85,40.01,1.0,0.0,0.0,0.0,0.02,1.53,-1.41,135.33,135.86,150.71,150.58,0.83,0.97,0.12,0.42
1000.0,8000.0,2,3,6903.19,18.85,40.01,1.0,0.0,0.0,0.0,0.01,1.53,-1.39,135.68,136.39,151.19,151.17,0.83,0.97,0.13,0.42
1000.0,8000.0,2,3,6903.19,18.85,40.01,1.0,0.0,0.0,0.0,0.01,1.53,-1.41,135.81,136.63,151.46,151.25,0.83,0.97,0.12,0.42
1000.0,8000.0,2,3,6913.82,17.91,40.01,1.0,0.0,0.0,0.0,0.01,1.52,-1.4,136.28,137.05,151.65,151.83,0.83,0.97,0.12,0.43
1000.0,8000.0,2,3,6913.82,17.91,40.01,1.0,0.0,0.0,0.0,0.01,1.52,-1.42,136.54,137.33,151.86,151.94,0.83,0.98,0.12,0.42
1000.0,8000.0,2,3,6919.6,18.41,40.01,1.0,0.0,0.0,0.0,0.01,1.52,-1.41,136.89,137.67,152.5,151.92,0.83,0.98,0.12,0.43
1000.0,8000.0,2,3,6925.89,18.73,40.01,1.0,0.0,0.0,0.0,0.01,1.52,-1.42,137.04,137.66,152.44,151.98,0.83,0.98,0.12,0.43
1000.0,8000.0,2,3,6931.73,18.19,40.01,1.0,0.0,0.0,0.0,0.01,1.52,-1.42,137.47,138.31,152.55,152.51,0.83,0.98,0.12,0.43
1000.0,8000.0,2,3,6936.9,18.39,40.01,1.0,0.0,0.0,0.0,0.0,1.52,-1.41,137.74,138.5,152.86,153.16,0.83,0.98,0.12,0.43
1000.0,8000.0,2,3,6942.05,17.86,40.01,1.0,0.0,0.0,0.0,0.0,1.52,-1.42,138.01,138.79,153.19,153.15,0.84,0.98,0.12,0.43
1000.0,8000.0,2,3,6948.75,18.36,40.01,1.0,0.0,0.0,0.0,0.0,1.52,-1.42,138.23,138.99,153.4,153.77,0.84,0.98,0.13,0.43
1000.0,8000.0,2,3,6955.86,18.86,40.01,1.0,0.0,0.0,0.0,0.0,1.51,-1.42,138.48,139.44,154.03,154.13,0.84,0.99,0.13,0.43
1000.0,8000.0,2,3,6961.9,18.34,40.01,1.0,0.0,0.0,0.0,0.0,1.51,-1.43,138.79,139.62,154.16,154.47,0.84,0.99,0.13,0.43
1000.0,8000.0,2,3,6968.44,17.92,40.01,1.0,0.0,0.0,0.0,0.0,1.51,-1.42,139.28,140.05,154.75,154.45,0.84,0.99,0.13,0.44
1000.0,8000.0,2,3,6976.38,18.42,40.01,1.0,0.0,0.0,0.0,0.0,1.51,-1.43,139.37,140.41,154.94,155.21,0.84,0.99,0.13,0.44
1000.0,8000.0,2,3,6983.84,18.71,40.01,1.0,0.0,0.0,0.0,0.0,1.5,-1.43,139.85,140.66,155.08,155.14,0.84,1.0,0.13,0.44
1000.0,8000.0,2,3,6991.79,18.47,40.01,1.0,0.0,0.0,0.0,0.0,1.5,-1.43,140.13,141.07,155.44,155.11,0.84,1.0,0.13,0.44
1000.0,8000.0,2,3,6998.83,17.94,40.01,1.0,0.0,0.0,0.0,0.0,1.5,-1.44,140.4,141.53,156.11,155.6,0.84,1.0,0.13,0.44
1000.0,8000.0,2,3,6998.83,17.94,40.01,1.0,0.0,0.0,0.0,0.0,1.5,-1.43,140.84,141.62,156.19,155.8,0.84,1.0,0.13,0.44
1000.0,8000.0,2,3,7015.07,18.63,40.01,1.0,0.0,0.0,0.0,0.0,1.49,-1.44,141.17,142.02,156.44,156.4,0.84,1.0,0.13,0.44
1000.0,8000.0,2,3,7015.07,18.63,40.01,1.0,0.0,0.0,0.0,0.0,1.49,-1.44,141.46,142.15,156.57,156.91,0.84,1.0,0.13,0.44
1000.0,8000.0,2,3,7023.27,18.09,40.01,1.0,0.0,0.0,0.0,0.0,1.48,-1.44,141.62,142.46,156.84,157.04,0.84,1.01,0.13,0.44
1000.0,8000.0,2,3,7031.83,18.59,40.01,1.0,0.0,0.0,0.0,0.0,1.49,-1.43,141.94,142.74,157.36,156.88,0.84,1.0,0.14,0.44
1000.0,8000.0,2,3,7040.71,18.16,40.01,1.0,0.0,0.0,0.0,0.0,1.48,-1.43,142.25,142.95,157.17,157.57,0.84,1.0,0.14,0.44
1000.0,8000.0,2,3,7049.53,18.49,40.01,1.0,0.0,0.0,0.0,0.0,1.48,-1.45,142.58,143.47,157.51,158.15,0.85,1.01,0.14,0.44
1000.0,8000.0,2,3,7059.0,17.96,40.01,1.0,0.0,0.0,0.0,0.0,1.48,-1.44,142.86,143.88,157.77,157.96,0.85,1.0,0.14,0.44
1000.0,8000.0,2,3,7069.49,18.46,40.01,1.0,0.0,0.0,0.0,0.0,1.47,-1.45,143.21,143.99,158.37,158.1,0.85,1.01,0.14,0.44
1000.0,8000.0,2,3,7079.52,18.58,40.01,1.0,0.0,0.0,0.0,0.0,1.47,-1.45,143.48,144.2,158.92,158.39,0.85,1.01,0.14,0.45
1000.0,8000.0,2,3,7090.21,18.05,40.01,1.0,0.0,0.0,0.0,0.0,1.46,-1.43,143.76,144.59,159.44,158.88,0.84,1.01,0.15,0.45
1000.0,8000.0,2,3,7100.87,18.55,40.01,1.0,0.0,0.0,0.0,0.0,1.46,-1.44,144.23,145.01,159.79,159.31,0.85,1.01,0.15,0.45
1000.0,8000.0,2,3,7111.18,18.31,40.01,1.0,0.0,0.0,0.0,0.0,1.46,-1.45,144.42,145.39,159.48,159.18,0.85,1.02,0.15,0.45
1000.0,8000.0,2,3,7122.61,18.53,40.01,1.0,0.0,0.0,0.0,0.0,1.46,-1.44,144.7,145.76,159.69,159.3,0.85,1.02,0.15,0.45
1000.0,8000.0,2,3,7134.37,18.37,40.01,1.0,0.0,0.0,0.0,0.0,1.45,-1.44,145.08,145.89,159.71,160.18,0.85,1.02,0.15,0.45
1000.0,8000.0,2,3,7145.6,17.84,40.01,1.0,0.0,0.0,0.0,0.0,1.45,-1.45,145.32,146.28,160.41,160.8,0.85,1.02,0.15,0.45
1000.0,8000.0,2,3,7158.03,18.34,40.01,1.0,0.0,0.0,0.0,0.0,1.44,-1.45,145.65,146.41,161.04,161.41,0.85,1.02,0.15,0.45
1000.0,8000.0,2,3,7171.27,18.84,40.01,1.0,0.0,0.0,0.0,0.0,1.44,-1.44,145.92,147.0,161.61,161.52,0.85,1.02,0.15,0.46
1000.0,8000.0,2,3,7183.59,18.48,40.01,1.0,0.0,0.0,0.0,0.0,1.44,-1.45,146.38,147.17,161.56,161.55,0.85,1.03,0.15,0.46
1000.0,8000.0,2,3,7195.26,17.95,40.01,1.0,0.0,0.0,0.0,0.0,1.43,-1.45,146.63,147.39,161.77,161.59,0.85,1.03,0.15,0.46
1000.0,8000.0,2,3,7207.45,18.45,40.01,1.0,0.0,0.0,0.0,0.0,1.43,-1.44,147.0,147.98,162.67,162.15,0.85,1.03,0.15,0.46
1000.0,8000.0,2,3,7207.45,18.45,40.01,1.0,0.0,0.0,0.0,0.0,1.43,-1.45,147.16,148.05,162.51,162.73,0.85,1.03,0.15,0.46
1000.0,8000.0,2,3,7219.36,18.67,40.01,1.0,0.0,0.0,0.0,0.0,1.43,-1.46,147.38,148.33,162.8,162.64,0.85,1.04,0.15,0.46
1000.0,8000.0,2,3,7232.01,18.13,40.01,1.0,0.0,0.0,0.0,0.0,1.42,-1.46,147.6,148.9,163.13,163.23,0.85,1.03,0.15,0.46
1000.0,8000.0,2,3,7244.26,18.63,40.01,1.0,0.0,0.0,0.0,0.0,1.42,-1.44,147.87,148.9,163.16,163.19,0.85,1.02,0.15,0.47
1000.0,8000.0,2,3,7257.48,18.09,40.01,1.0,0.0,0.0,0.0,0.0,1.42,-1.47,148.32,149.25,163.43,163.8,0.85,1.03,0.15,0.46
1000.0,8000.0,2,3,7270.49,18.59,40.01,1.0,0.0,0.0,0.0,0.0,1.41,-1.45,148.72,149.48,164.36,163.65,0.85,1.04,0.15,0.47
1000.0,8000.0,2,3,7283.49,18.21,40.01,1.0,0.0,0.0,0.0,0.0,1.41,-1.44,148.77,149.95,164.04,164.64,0.85,1.03,0.15,0.47
1000.0,8000.0,2,3,7296.19,17.85,40.01,1.0,0.0,0.0,0.0,0.0,1.4,-1.47,149.29,150.01,164.33,164.81,0.86,1.04,0.15,0.47
1000.0,8000.0,2,3,7309.58,18.35,40.01,1.0,0.0,0.0,0.0,0.0,1.4,-1.46,149.44,150.24,164.72,165.01,0.85,1.04,0.15,0.47
1000.0,8000.0,2,3,7324.22,18.85,40.01,1.0,0.0,0.0,0.0,0.0,1.4,-1.46,149.58,150.78,165.07,165.48,0.85,1.05,0.15,0.47
1000.0,8000.0,2,3,7337.77,18.5,40.01,1.0,0.0,0.0,0.0,0.0,1.4,-1.45,150.27,150.72,165.9,165.88,0.85,1.05,0.15,0.47
1000.0,8000.0,2,3,7350.53,17.97,40.01,1.0,0.0,0.0,0.0,0.0,1.4,-1.45,150.46,150.92,166.34,165.65,0.85,1.05,0.15,0.48
1000.0,8000.0,2,3,7363.35,18.47,40.01,1.0,0.0,0.0,0.0,0.0,1.39,-1.46,150.47,151.49,166.08,166.28,0.85,1.04,0.15,0.47
1000.0,8000.0,2,3,7375.45,18.64,40.01,1.0,0.0,0.0,0.0,0.01,1.39,-1.46,150.82,151.58,166.79,166.45,0.85,1.05,0.15,0.47
1000.0,8000.0,2,3,7375.45,18.64,40.01,1.0,0.0,0.0,0.0,0.01,1.39,-1.47,150.81,152.0,166.72,166.36,0.85,1.05,0.15,0.47
1000.0,8000.0,2,3,7388.21,18.1,40.01,1.0,0.0,0.0,0.0,0.01,1.39,-1.45,151.3,152.33,167.57,166.71,0.85,1.05,0.16,0.48
1000.0,8000.0,2,3,7399.77,18.6,40.01,1.0,0.0,0.0,0.0,0.01,1.38,-1.47,151.51,152.38,167.5,166.66,0.85,1.05,0.15,0.48
1000.0,8000.0,2,3,7413.73,18.19,40.01,1.0,0.0,0.0,0.0,0.01,1.38,-1.45,151.81,152.59,167.26,167.52,0.85,1.05,0.16,0.47
1000.0,8000.0,2,3,7427.07,18.44,40.01,1.0,0.0,0.0,0.0,0.01,1.38,-1.47,152.23,152.79,167.52,167.46,0.85,1.05,0.16,0.47
1000.0,8000.0,2,3,7438.56,17.91,40.01,1.0,0.0,0.0,0.0,0.01,1.38,-1.47,152.26,153.12,167.56,167.49,0.85,1.05,0.16,0.48
1000.0,8000.0,2,3,7448.21,18.41,40.01,1.0,0.0,0.0,0.0,0.01,1.38,-1.46,152.81,153.52,168.48,168.32,0.85,1.05,0.16,0.48
1000.0,8000.0,2,3,7459.47,18.89,40.01,1.0,0.0,0.0,0.0,0.01,1.38,-1.46,153.14,153.86,168.1,168.83,0.85,1.05,0.15,0.48
1000.0,8000.0,2,3,7471.02,17.96,40.01,1.0,0.0,0.0,0.0,0.01,1.38,-1.47,153.32,154.03,168.43,168.37,0.86,1.05,0.15,0.49
1000.0,8000.0,2,3,7482.89,18.46,40.01,1.0,0.0,0.0,0.0,0.01,1.38,-1.49,153.74,154.42,168.69,169.06,0.87,1.06,0.15,0.49
1000.0,8000.0,2,3,7482.89,18.46,40.01,1.0,0.0,0.0,0.0,0.01,1.38,-1.47,154.03,154.67,168.63,169.57,0.86,1.05,0.16,0.49
1000.0,8000.0,2,3,7494.79,18.69,40.01,1.0,0.0,0.0,0.0,0.01,1.38,-1.46,154.52,155.07,169.06,169.88,0.86,1.05,0.16,0.48
1000.0,8000.0,2,3,7506.0,18.15,40.01,1.0,0.0,0.0,0.0,0.01,1.37,-1.47,154.57,155.15,169.53,169.84,0.85,1.05,0.16,0.47
1000.0,8000.0,2,3,7517.53,18.59,40.01,1.0,0.0,0.0,0.0,0.01,1.37,-1.47,154.69,155.55,170.15,169.59,0.85,1.05,0.16,0.47
1000.0,8000.0,2,3,7528.13,18.05,40.01,1.0,0.0,0.0,0.0,0.01,1.37,-1.47,155.14,155.85,170.68,168.93,0.85,1.05,0.17,0.48
1000.0,8000.0,2,3,7539.7,18.55,40.01,1.0,0.0,0.0,0.0,0.01,1.37,-1.46,155.17,155.95,170.27,169.6,0.85,1.05,0.17,0.47
1000.0,8000.0,2,3,7550.22,18.38,40.01,1.0,0.0,0.0,0.0,0.01,1.36,-1.47,155.54,156.27,170.61,170.5,0.86,1.05,0.16,0.47
1000.0,8000.0,2,3,7561.04,17.85,40.01,1.0,0.0,0.0,0.0,0.01,1.36,-1.47,155.63,156.41,170.47,170.96,0.86,1.05,0.16,0.48
1000.0,8000.0,2,3,7574.33,18.35,40.01,1.0,0.0,0.0,0.0,0.01,1.36,-1.47,156.03,156.76,170.65,170.97,0.86,1.05,0.16,0.49
1000.0,8000.0,2,3,7586.75,18.85,40.01,1.0,0.0,0.0,0.0,0.01,1.36,-1.46,156.54,157.19,171.74,171.88,0.86,1.05,0.17,0.48
1000.0,8000.0,2,3,7600.38,18.04,40.01,1.0,0.0,0.0,0.0,0.01,1.35,-1.47,156.61,157.34,171.43,172.12,0.86,1.06,0.17,0.48
1000.0,8000.0,2,3,7615.36,18.54,40.01,1.0,0.0,0.0,0.0,0.01,1.35,-1.48,156.91,157.57,171.41,171.51,0.86,1.06,0.17,0.48
1000.0,8000.0,2,3,7628.29,18.42,40.01,1.0,0.0,0.0,0.0,0.01,1.35,-1.47,157.25,157.98,172.25,172.07,0.86,1.06,0.17,0.49
1000.0,8000.0,2,3,7645.79,17.89,40.01,1.0,0.0,0.0,0.0,0.01,1.35,-1.48,157.6,158.26,171.55,172.12,0.86,1.06,0.17,0.48
1000.0,8000.0,2,3,7659.05,18.39,40.01,1.0,0.0,0.0,0.0,0.01,1.35,-1.47,157.96,158.77,173.09,173.43,0.86,1.06,0.17,0.49
1000.0,8000.0,2,3,7678.64,18.89,40.01,1.0,0.0,0.0,0.0,0.01,1.35,-1.48,158.02,158.72,172.81,172.79,0.86,1.06,0.16,0.49
1000.0,8000.0,2,3,7678.64,18.89,40.01,1.0,0.0,0.0,0.0,0.01,1.34,-1.48,158.38,159.06,174.44,174.36,0.86,1.06,0.16,0.48
1000.0,8000.0,2,3,7712.93,17.92,40.01,1.0,0.0,0.0,0.0,0.01,1.34,-1.46,158.74,159.23,173.43,172.97,0.86,1.06,0.18,0.49
1000.0,8000.0,2,3,7733.97,18.42,40.01,1.0,0.0,0.0,0.0,0.01,1.34,-1.48,158.82,159.57,173.43,173.72,0.86,1.06,0.17,0.48
1000.0,8000.0,2,3,7733.97,18.42,40.01,1.0,0.0,0.0,0.0,0.01,1.33,-1.48,159.06,160.11,174.09,174.07,0.86,1.06,0.17,0.49
1000.0,8000.0,3,3,7748.25,18.9,40.01,1.0,0.0,0.0,0.0,0.01,1.33,-1.49,159.21,160.17,173.57,173.71,0.86,1.06,0.17,0.48
1000.0,8000.0,3,3,7765.46,18.35,40.01,1.0,0.0,0.0,0.0,0.01,1.33,-1.46,159.42,160.37,174.9,175.3,0.86,1.06,0.17,0.49
1000.0,8000.0,3,3,7764.59,18.85,40.01,1.0,0.0,0.0,0.0,0.01,1.33,-1.49,159.83,160.62,178.58,178.75,0.86,1.06,0.16,0.48
1000.0,8000.0,3,3,7721.07,19.35,40.01,1.0,0.0,0.0,0.0,0.01,1.34,-1.51,159.99,160.89,181.7,182.4,0.87,1.07,0.14,0.47
1000.0,8000.0,3,3,7627.2,20.35,40.01,1.0,0.0,0.0,0.0,0.01,1.34,-1.48,160.4,161.35,181.7,182.6,0.85,1.05,0.12,0.47
1000.0,8000.0,3,3,7492.68,20.85,40.01,1.0,0.0,0.0,0.0,0.01,1.35,-1.44,160.62,161.94,180.82,181.99,0.84,1.04,0.12,0.47
1000.0,8000.0,3,3,7326.6,21.35,40.01,1.0,0.0,0.0,0.0,0.01,1.36,-1.45,161.16,162.1,181.07,181.34,0.85,1.04,0.12,0.47
1000.0,8000.0,3,3,7162.84,21.85,40.01,1.0,0.0,0.0,0.0,0.01,1.37,-1.46,161.39,162.43,178.09,177.03,0.86,1.05,0.13,0.47
1000.0,8000.0,3,3,7017.34,22.35,40.01,1.0,0.0,0.0,0.0,0.01,1.38,-1.44,161.85,162.44,178.19,176.61,0.85,1.05,0.15,0.48
1000.0,8000.0,3,3,6907.11,22.85,40.01,1.0,0.0,0.0,0.0,0.01,1.39,-1.43,162.12,162.78,177.01,176.55,0.85,1.04,0.16,0.47
1000.0,8000.0,3,3,6822.49,22.79,40.01,1.0,0.0,0.0,0.0,0.01,1.39,-1.45,162.48,163.16,176.41,176.52,0.85,1.04,0.16,0.46
1000.0,8000.0,3,3,6747.97,22.36,40.01,1.0,0.0,0.0,0.0,0.01,1.39,-1.45,162.54,163.38,178.02,177.65,0.85,1.04,0.16,0.46
1000.0,8000.0,3,3,6747.97,22.36,40.01,1.0,0.0,0.0,0.0,0.01,1.39,-1.45,162.7,163.67,176.76,176.67,0.85,1.04,0.16,0.46
1000.0,8000.0,3,3,6691.52,21.97,40.01,1.0,0.0,0.0,0.0,0.01,1.38,-1.46,163.22,163.96,176.3,176.18,0.85,1.03,0.16,0.46
1000.0,8000.0,3,3,6647.26,22.42,40.01,1.0,0.0,0.0,0.0,0.01,1.37,-1.46,163.23,164.36,177.52,177.62,0.84,1.02,0.18,0.47
1000.0,8000.0,3,3,6611.81,22.02,40.01,1.0,0.0,0.0,0.0,0.01,1.36,-1.49,163.31,164.37,177.08,177.91,0.85,1.03,0.18,0.48
1000.0,8000.0,3,3,6588.58,22.36,40.01,1.0,0.0,0.0,0.0,0.01,1.35,-1.48,163.54,164.65,177.96,178.97,0.84,1.02,0.18,0.49
1000.0,8000.0,3,3,6579.35,21.97,40.01,1.0,0.0,0.0,0.0,0.01,1.34,-1.48,164.06,165.0,179.21,180.15,0.84,1.03,0.18,0.48
1000.0,8000.0,3,3,6578.49,22.02,40.01,1.0,0.0,0.0,0.0,0.01,1.32,-1.5,164.15,164.99,179.17,179.2,0.84,1.03,0.16,0.47
1000.0,8000.0,3,3,6573.34,22.37,40.01,1.0,0.0,0.0,0.0,0.01,1.32,-1.51,164.72,165.35,180.61,180.28,0.85,1.03,0.16,0.47
1000.0,8000.0,3,3,6568.53,21.97,40.01,1.0,0.0,0.0,0.0,0.01,1.32,-1.5,165.0,165.68,180.58,179.85,0.85,1.03,0.16,0.46
1000.0,8000.0,3,3,6562.91,22.45,40.01,1.0,0.0,0.0,0.0,0.01,1.31,-1.51,165.6,166.23,179.8,179.48,0.85,1.03,0.16,0.46
1000.0,8000.0,3,3,6557.04,22.04,40.01,1.0,0.0,0.0,0.0,0.01,1.3,-1.52,165.86,166.38,179.86,179.61,0.86,1.04,0.17,0.46
1000.0,8000.0,3,3,6552.53,22.35,40.01,1.0,0.0,0.0,0.0,0.01,1.3,-1.52,166.02,166.61,179.38,179.08,0.87,1.04,0.18,0.46
1000.0,8000.0,3,3,6552.54,21.99,40.01,1.0,0.0,0.0,0.0,0.01,1.29,-1.52,166.47,166.9,179.1,178.79,0.88,1.05,0.19,0.47
1000.0,8000.0,3,3,6554.35,22.41,40.01,1.0,0.0,0.0,0.0,0.0,1.29,-1.52,166.56,167.25,180.24,180.18,0.89,1.05,0.2,0.47
1000.0,8000.0,3,3,6557.74,22.01,40.01,1.0,0.0,0.0,0.0,0.0,1.28,-1.53,167.03,167.19,180.17,179.99,0.89,1.06,0.21,0.48
1000.0,8000.0,3,3,6562.81,22.39,40.01,1.0,0.0,0.0,0.0,0.0,1.27,-1.53,167.1,167.6,179.6,179.42,0.9,1.06,0.21,0.48
1000.0,8000.0,3,3,6570.0,21.99,40.01,1.0,0.0,0.0,0.0,0.0,1.26,-1.53,167.51,167.79,180.93,180.94,0.9,1.06,0.21,0.49
1000.0,8000.0,3,3,6574.44,22.42,40.01,1.0,0.0,0.0,0.0,0.0,1.26,-1.54,167.72,168.13,181.72,181.82,0.91,1.07,0.22,0.49
1000.0,8000.0,3,3,6583.01,22.02,40.01,1.0,0.0,0.0,0.0,-0.0,1.25,-1.53,168.03,168.42,180.47,180.5,0.91,1.07,0.22,0.5
1000.0,8000.0,3,3,6583.01,22.02,40.01,1.0,0.0,0.0,0.0,-0.0,1.25,-1.55,168.33,168.72,180.05,180.49,0.91,1.08,0.22,0.49
1000.0,8000.0,3,3,6592.7,21.98,40.01,1.0,0.0,0.0,0.0,-0.0,1.24,-1.54,168.07,168.9,181.2,181.11,0.92,1.08,0.23,0.5
1000.0,8000.0,3,3,6598.63,22.44,40.01,1.0,0.0,0.0,0.0,-0.0,1.23,-1.56,168.57,168.94,181.96,181.56,0.92,1.09,0.23,0.5
1000.0,8000.0,3,3,6608.43,22.03,40.01,1.0,0.0,0.0,0.0,-0.0,1.23,-1.56,168.66,169.14,183.12,183.03,0.93,1.1,0.23,0.51
1000.0,8000.0,3,3,6619.08,22.37,40.01,1.0,0.0,0.0,0.0,-0.0,1.22,-1.57,168.8,169.21,181.93,181.79,0.93,1.1,0.23,0.51
1000.0,8000.0,3,3,6627.08,21.97,40.01,1.0,0.0,0.0,0.0,-0.0,1.21,-1.57,169.23,169.75,183.81,184.02,0.94,1.11,0.23,0.52
1000.0,8000.0,3,3,6636.34,22.46,40.01,1.0,0.0,0.0,0.0,-0.0,1.21,-1.57,169.43,169.85,183.01,183.31,0.94,1.11,0.23,0.52
1000.0,8000.0,3,3,6647.8,22.06,40.01,1.0,0.0,0.0,0.0,-0.0,1.21,-1.57,169.55,170.05,181.92,182.36,0.94,1.11,0.24,0.52
1000.0,8000.0,3,3,6656.85,22.35,40.01,1.0,0.0,0.0,0.0,-0.0,1.2,-1.58,169.69,170.3,183.94,183.83,0.94,1.12,0.24,0.53
1000.0,8000.0,3,3,6665.22,21.99,40.01,1.0,0.0,0.0,0.0,-0.0,1.2,-1.58,170.05,170.83,184.62,184.43,0.95,1.12,0.24,0.53
1000.0,8000.0,3,3,6674.34,22.44,40.01,1.0,0.0,0.0,0.0,-0.0,1.19,-1.59,170.41,171.11,182.86,182.65,0.95,1.13,0.24,0.53
1000.0,8000.0,3,3,6682.15,22.04,40.01,1.0,0.0,0.0,0.0,-0.0,1.19,-1.58,170.69,171.33,184.22,184.07,0.95,1.13,0.24,0.53
1000.0,8000.0,3,3,6682.15,22.04,40.01,1.0,0.0,0.0,0.0,-0.0,1.18,-1.59,170.86,171.43,184.9,185.03,0.95,1.13,0.24,0.53
1000.0,8000.0,3,3,6688.05,22.38,40.01,1.0,0.0,0.0,0.0,-0.0,1.18,-1.59,171.1,171.58,185.8,185.82,0.95,1.14,0.24,0.53
1000.0,8000.0,3,3,6696.01,21.98,40.01,1.0,0.0,0.0,0.0,-0.0,1.17,-1.6,171.18,171.71,186.25,186.14,0.96,1.14,0.24,0.53
1000.0,8000.0,3,3,6703.78,22.46,40.01,1.0,0.0,0.0,0.0,-0.0,1.17,-1.6,171.37,172.09,186.26,186.23,0.96,1.14,0.24,0.54
1000.0,8000.0,3,3,6710.28,22.36,40.01,1.0,0.0,0.0,0.0,-0.0,1.17,-1.59,171.67,172.19,186.3,186.67,0.96,1.14,0.25,0.54
1000.0,8000.0,3,3,6720.26,21.98,40.01,1.0,0.0,0.0,0.0,-0.0,1.17,-1.6,171.82,172.57,184.51,184.89,0.96,1.14,0.25,0.54
1000.0,8000.0,3,3,6731.31,22.47,40.01,1.0,0.0,0.0,0.0,-0.0,1.16,-1.6,172.2,172.57,185.55,185.54,0.97,1.15,0.25,0.54
1000.0,8000.0,3,3,6739.43,22.06,40.01,1.0,0.0,0.0,0.0,-0.0,1.15,-1.61,172.33,173.2,186.97,187.37,0.97,1.15,0.25,0.54
1000.0,8000.0,3,3,6751.22,22.36,40.01,1.0,0.0,0.0,0.0,-0.0,1.15,-1.61,172.58,173.22,185.24,185.99,0.97,1.15,0.26,0.54
1000.0,8000.0,3,3,6762.48,21.98,40.01,1.0,0.0,0.0,0.0,0.0,1.15,-1.59,172.94,173.52,186.95,186.93,0.97,1.15,0.26,0.55
1000.0,8000.0,3,3,6770.66,22.47,40.01,1.0,0.0,0.0,0.0,0.0,1.14,-1.61,173.15,173.57,189.05,188.29,0.97,1.15,0.26,0.54
1000.0,8000.0,3,3,6782.78,22.06,40.01,1.0,0.0,0.0,0.0,0.0,1.14,-1.61,173.37,174.05,185.98,186.04,0.97,1.15,0.26,0.54
1000.0,8000.0,3,3,6793.46,22.36,40.01,1.0,0.0,0.0,0.0,0.0,1.13,-1.61,173.63,173.96,187.55,187.76,0.97,1.15,0.26,0.55
1000.0,8000.0,3,3,6800.43,21.98,40.01,1.0,0.0,0.0,0.0,0.0,1.13,-1.6,173.9,174.14,189.8,189.66,0.97,1.15,0.26,0.55
1000.0,8000.0,3,3,6813.36,22.48,40.01,1.0,0.0,0.0,0.0,0.0,1.13,-1.61,173.9,174.77,186.78,186.94,0.98,1.15,0.26,0.55
1000.0,8000.0,3,3,6813.36,22.48,40.01,1.0,0.0,0.0,0.0,0.0,1.12,-1.6,174.41,174.69,187.07,186.91,0.98,1.15,0.26,0.55
1000.0,8000.0,3,3,6824.9,22.08,40.01,1.0,0.0,0.0,0.0,0.0,1.12,-1.61,174.47,174.88,187.76,187.49,0.98,1.15,0.26,0.55
1000.0,8000.0,3,3,6832.68,22.0,40.01,1.0,0.0,0.0,0.0,0.0,1.12,-1.6,174.72,175.18,188.02,187.48,0.98,1.15,0.27,0.56
1000.0,8000.0,3,3,6844.85,22.46,40.01,1.0,0.0,0.0,0.0,0.0,1.12,-1.6,174.89,175.28,191.02,191.03,0.98,1.15,0.27,0.55
1000.0,8000.0,3,3,6857.63,22.05,40.01,1.0,0.0,0.0,0.0,0.0,1.11,-1.6,175.19,175.53,188.68,188.95,0.98,1.15,0.27,0.55
1000.0,8000.0,3,3,6865.29,22.39,40.01,1.0,0.0,0.0,0.0,0.0,1.11,-1.61,175.04,175.92,191.09,191.61,0.98,1.16,0.27,0.55
1000.0,8000.0,3,3,6873.91,21.99,40.01,1.0,0.0,0.0,0.0,0.01,1.11,-1.61,175.61,176.04,189.0,188.55,0.98,1.16,0.27,0.55
1000.0,8000.0,3,3,6880.99,22.49,40.01,1.0,0.0,0.0,0.0,0.01,1.1,-1.59,175.77,176.47,189.35,189.5,0.98,1.15,0.27,0.55
1000.0,8000.0,3,3,6886.68,22.08,40.01,1.0,0.0,0.0,0.0,0.01,1.1,-1.6,175.75,176.79,191.55,191.67,0.98,1.16,0.27,0.55
1000.0,8000.0,3,3,6894.91,22.36,40.01,1.0,0.0,0.0,0.0,0.01,1.1,-1.61,176.26,177.15,189.51,190.2,0.98,1.16,0.27,0.56
1000.0,8000.0,3,3,6903.31,21.99,40.01,1.0,0.0,0.0,0.0,0.01,1.1,-1.6,176.22,177.04,190.11,190.34,0.98,1.16,0.27,0.56
1000.0,8000.0,3,3,6910.34,22.49,40.01,1.0,0.0,0.0,0.0,0.01,1.1,-1.6,176.55,177.36,192.41,192.31,0.98,1.16,0.27,0.56
1000.0,8000.0,3,3,6918.44,22.08,40.01,1.0,0.0,0.0,0.0,0.01,1.09,-1.61,176.92,177.54,191.27,190.7,0.98,1.16,0.28,0.56
1000.0,8000.0,3,3,6930.59,21.99,40.01,1.0,0.0,0.0,0.0,0.01,1.09,-1.6,176.91,177.68,190.01,190.01,0.98,1.16,0.28,0.56
1000.0,8000.0,3,3,6937.66,22.49,40.01,1.0,0.0,0.0,0.0,0.01,1.09,-1.61,177.53,177.97,193.4,193.67,0.98,1.16,0.28,0.56
1000.0,8000.0,3,3,6946.33,22.09,40.01,1.0,0.0,0.0,0.0,0.01,1.09,-1.61,177.61,178.26,192.4,192.83,0.99,1.16,0.28,0.56
1000.0,8000.0,3,3,6957.48,22.35,40.01,1.0,0.0,0.0,0.0,0.01,1.09,-1.61,178.06,178.82,190.66,191.09,0.99,1.16,0.28,0.56
1000.0,8000.0,3,3,6957.48,22.35,40.01,1.0,0.0,0.0,0.0,0.01,1.08,-1.61,178.03,178.92,190.79,190.66,0.99,1.16,0.28,0.56
1000.0,8000.0,3,3,6965.22,21.99,40.01,1.0,0.0,0.0,0.0,0.01,1.08,-1.6,178.32,179.15,193.32,193.24,0.99,1.16,0.29,0.55
1000.0,8000.0,3,3,6971.85,22.49,40.01,1.0,0.0,0.0,0.0,0.01,1.08,-1.61,178.36,179.04,191.97,192.22,0.99,1.16,0.28,0.55
1000.0,8000.0,3,3,6983.94,22.08,40.01,1.0,0.0,0.0,0.0,0.01,1.08,-1.62,178.58,179.32,192.08,192.41,0.99,1.16,0.28,0.55
1000.0,8000.0,3,3,6993.01,22.36,40.01,1.0,0.0,0.0,0.0,0.01,1.07,-1.6,178.88,179.59,192.1,192.05,0.99,1.16,0.29,0.56
1000.0,8000.0,3,3,7000.68,21.98,40.01,1.0,0.0,0.0,0.0,0.01,1.07,-1.61,179.02,180.09,195.07,195.04,0.99,1.16,0.29,0.56
1000.0,8000.0,3,3,7011.04,22.48,40.01,1.0,0.0,0.0,0.0,0.01,1.06,-1.61,179.27,179.98,195.95,195.57,0.99,1.16,0.29,0.56
1000.0,8000.0,3,3,7024.13,22.11,40.01,1.0,0.0,0.0,0.0,0.01,1.06,-1.61,179.34,180.1,193.42,193.28,0.99,1.16,0.29,0.56
1000.0,8000.0,3,3,7033.35,22.32,40.01,1.0,0.0,0.0,0.0,0.01,1.06,-1.62,179.51,180.64,196.24,195.92,1.0,1.17,0.29,0.56
1000.0,8000.0,3,3,7043.09,22.03,40.01,1.0,0.0,0.0,0.0,0.01,1.06,-1.62,180.02,180.67,194.89,194.92,0.99,1.17,0.29,0.56
1000.0,8000.0,3,3,7056.66,22.44,40.01,1.0,0.0,0.0,0.0,0.01,1.05,-1.61,180.1,180.68,193.62,193.84,0.99,1.17,0.29,0.56
1000.0,8000.0,3,3,7069.44,22.04,40.01,1.0,0.0,0.0,0.0,0.01,1.05,-1.62,180.14,181.19,195.49,195.47,0.99,1.17,0.29,0.56
1000.0,8000.0,3,3,7078.4,22.44,40.01,1.0,0.0,0.0,0.0,0.01,1.05,-1.62,180.8,181.15,197.81,197.42,0.99,1.17,0.29,0.56
1000.0,8000.0,3,3,7089.6,22.03,40.01,1.0,0.0,0.0,0.0,0.01,1.05,-1.62,180.9,181.14,195.7,195.63,0.99,1.17,0.29,0.56
1000.0,8000.0,3,3,7102.24,22.04,40.01,1.0,0.0,0.0,0.0,0.01,1.04,-1.63,180.86,181.69,195.02,194.97,1.0,1.17,0.29,0.56
1000.0,8000.0,3,3,7110.11,22.45,40.01,1.0,0.0,0.0,0.0,0.01,1.04,-1.63,181.37,181.79,198.07,198.19,1.0,1.18,0.29,0.56
1000.0,8000.0,3,3,7119.1,22.04,40.01,1.0,0.0,0.0,0.0,0.01,1.04,-1.64,181.42,182.21,197.3,197.74,1.0,1.18,0.29,0.56
1000.0,8000.0,3,3,7130.05,22.44,40.01,1.0,0.0,0.0,0.0,0.01,1.04,-1.63,181.75,182.27,195.81,195.5,1.0,1.18,0.29,0.56
1000.0,8000.0,3,3,7140.77,22.04,40.01,1.0,0.0,0.0,0.0,0.01,1.04,-1.63,182.12,182.8,196.84,196.55,1.0,1.18,0.3,0.56
1000.0,8000.0,3,3,7147.26,22.45,40.01,1.0,0.0,0.0,0.0,0.01,1.04,-1.64,182.3,182.77,199.4,199.01,1.0,1.18,0.29,0.56
1000.0,8000.0,3,3,7155.57,22.04,40.01,1.0,0.0,0.0,0.0,0.01,1.04,-1.64,182.15,182.88,197.59,197.63,1.0,1.18,0.3,0.56
1000.0,8000.0,3,3,7167.35,22.44,40.01,1.0,0.0,0.0,0.0,0.01,1.04,-1.64,182.6,183.25,196.72,196.15,1.0,1.18,0.3,0.56
1000.0,8000.0,3,3,7175.64,22.03,40.01,1.0,0.0,0.0,0.0,0.01,1.03,-1.64,182.82,183.54,198.9,198.85,1.01,1.18,0.3,0.56
1000.0,8000.0,3,3,7180.85,22.46,40.01,1.0,0.0,0.0,0.0,0.01,1.03,-1.64,182.94,183.54,200.27,200.23,1.01,1.18,0.3,0.56
1000.0,8000.0,3,3,7191.11,22.05,40.01,1.0,0.0,0.0,0.0,0.01,1.04,-1.65,183.43,183.88,197.53,197.69,1.01,1.18,0.3,0.56
1000.0,8000.0,3,3,7200.95,22.43,40.01,1.0,0.0,0.0,0.0,0.01,1.03,-1.64,183.59,183.7,197.07,197.58,1.01,1.18,0.3,0.56
1000.0,8000.0,3,3,7209.33,22.03,40.01,1.0,0.0,0.0,0.0,0.01,1.03,-1.64,183.88,184.34,199.12,199.6,1.01,1.18,0.3,0.56
1000.0,8000.0,3,3,7214.09,22.47,40.01,1.0,0.0,0.0,0.0,0.01,1.03,-1.65,183.87,184.39,200.99,200.72,1.01,1.18,0.3,0.56
1000.0,8000.0,3,3,7221.89,22.06,40.01,1.0,0.0,0.0,0.0,0.01,1.04,-1.65,184.09,184.4,198.85,198.51,1.01,1.18,0.3,0.56
1000.0,8000.0,3,3,7230.71,22.42,40.01,1.0,0.0,0.0,0.0,0.01,1.03,-1.64,184.37,184.82,198.12,197.88,1.01,1.18,0.3,0.56
1000.0,8000.0,3,3,7237.93,22.01,40.01,1.0,0.0,0.0,0.0,0.01,1.03,-1.65,184.61,185.12,200.03,200.07,1.01,1.18,0.31,0.56
1000.0,8000.0,3,3,7242.43,22.5,40.01,1.0,0.0,0.0,0.0,0.01,1.03,-1.66,184.5,185.33,201.49,201.6,1.02,1.18,0.3,0.56
1000.0,8000.0,3,3,7242.43,22.5,40.01,1.0,0.0,0.0,0.0,0.01,1.04,-1.67,185.16,185.48,201.06,201.05,1.02,1.19,0.3,0.56
1000.0,8000.0,3,3,7249.83,22.09,40.01,1.0,0.0,0.0,0.0,0.01,1.04,-1.65,185.02,185.64,200.54,200.54,1.02,1.18,0.3,0.56
1000.0,8000.0,3,3,7257.43,22.39,40.01,1.0,0.0,0.0,0.0,0.01,1.04,-1.67,185.27,186.07,198.98,199.31,1.02,1.19,0.3,0.56
1000.0,8000.0,3,3,7262.96,21.98,40.01,1.0,0.0,0.0,0.0,0.01,1.03,-1.65,185.47,185.96,201.78,202.16,1.02,1.18,0.31,0.56
1000.0,8000.0,3,3,7267.38,22.49,40.01,1.0,0.0,0.0,0.0,0.01,1.04,-1.68,185.51,185.93,200.21,200.02,1.02,1.19,0.3,0.55
1000.0,8000.0,3,3,7274.48,22.13,40.01,1.0,0.0,0.0,0.0,0.01,1.04,-1.66,186.08,186.41,199.15,199.28,1.02,1.19,0.3,0.56
1000.0,8000.0,3,3,7282.79,22.32,40.01,1.0,0.0,0.0,0.0,0.01,1.04,-1.66,186.07,186.45,199.69,199.74,1.02,1.19,0.3,0.56
1000.0,8000.0,3,3,7288.0,22.04,40.01,1.0,0.0,0.0,0.0,0.01,1.04,-1.66,186.3,186.61,202.79,202.45,1.02,1.18,0.31,0.56
1000.0,8000.0,3,3,7291.95,22.45,40.01,1.0,0.0,0.0,0.0,0.02,1.04,-1.68,186.43,186.79,202.37,202.35,1.03,1.19,0.3,0.56
1000.0,8000.0,3,3,7300.18,22.05,40.01,1.0,0.0,0.0,0.0,0.02,1.04,-1.67,186.69,186.87,199.95,200.34,1.02,1.19,0.3,0.56
1000.0,8000.0,3,3,7307.72,22.45,40.01,1.0,0.0,0.0,0.0,0.02,1.04,-1.66,187.07,187.44,201.28,201.79,1.02,1.18,0.3,0.55
1000.0,8000.0,3,3,7314.63,22.04,40.01,1.0,0.0,0.0,0.0,0.02,1.04,-1.67,187.01,187.62,203.43,204.16,1.02,1.19,0.31,0.55
1000.0,8000.0,3,3,7314.63,22.04,40.01,1.0,0.0,0.0,0.0,0.02,1.03,-1.67,187.31,187.64,203.53,203.52,1.03,1.19,0.31,0.55
1000.0,8000.0,3,3,7324.35,22.46,40.01,1.0,0.0,0.0,0.0,0.02,1.03,-1.67,187.53,187.96,202.3,202.07,1.03,1.19,0.31,0.56
1000.0,8000.0,3,3,7334.99,22.05,40.01,1.0,0.0,0.0,0.0,0.02,1.02,-1.67,187.32,188.01,201.83,201.74,1.03,1.19,0.3,0.56
1000.0,8000.0,3,3,7341.41,22.45,40.01,1.0,0.0,0.0,0.0,0.02,1.02,-1.67,187.81,188.29,204.4,204.55,1.03,1.18,0.3,0.56
1000.0,8000.0,3,3,7341.41,22.45,40.01,1.0,0.0,0.0,0.0,0.02,1.03,-1.68,187.88,188.33,202.01,202.02,1.03,1.19,0.3,0.56
1000.0,8000.0,3,3,7349.75,22.05,40.01,1.0,0.0,0.0,0.0,0.02,1.03,-1.68,188.1,188.67,203.28,202.78,1.03,1.19,0.3,0.56
1000.0,8000.0,3,3,7360.98,22.46,40.01,1.0,0.0,0.0,0.0,0.02,1.03,-1.67,188.42,188.79,202.55,202.32,1.03,1.19,0.31,0.55
1000.0,8000.0,3,3,7366.2,22.46,40.01,1.0,0.0,0.0,0.0,0.02,1.02,-1.69,188.38,188.85,205.33,204.88,1.03,1.19,0.31,0.56
1000.0,8000.0,3,3,7377.09,22.05,40.01,1.0,0.0,0.0,0.0,0.02,1.02,-1.68,188.42,188.9,202.42,201.78,1.03,1.19,0.31,0.55
1000.0,8000.0,3,3,7382.87,22.46,40.01,1.0,0.0,0.0,0.0,0.02,1.02,-1.68,188.79,189.41,205.55,205.61,1.03,1.19,0.31,0.55
1000.0,8000.0,3,3,7382.87,22.46,40.01,1.0,0.0,0.0,0.0,0.02,1.01,-1.67,189.03,189.58,205.12,205.69,1.03,1.19,0.31,0.55
1000.0,8000.0,3,3,7392.25,22.05,40.01,1.0,0.0,0.0,0.0,0.02,1.01,-1.7,189.15,189.56,203.89,204.35,1.04,1.19,0.31,0.56
1000.0,8000.0,3,3,7400.11,22.46,40.01,1.0,0.0,0.0,0.0,0.02,1.01,-1.68,189.59,189.9,206.49,206.11,1.04,1.19,0.31,0.55
1000.0,8000.0,3,3,7406.59,22.05,40.01,1.0,0.0,0.0,0.0,0.02,1.01,-1.68,189.62,190.11,204.57,204.5,1.03,1.19,0.31,0.55
1000.0,8000.0,3,3,7415.69,22.45,40.01,1.0,0.0,0.0,0.0,0.02,1.01,-1.7,189.93,190.32,206.03,206.0,1.04,1.19,0.31,0.55
1000.0,8000.0,3,3,7420.92,22.47,40.01,1.0,0.0,0.0,0.0,0.02,1.01,-1.69,190.39,190.56,204.27,203.88,1.04,1.19,0.31,0.55
1000.0,8000.0,3,3,7431.39,22.06,40.01,1.0,0.0,0.0,0.0,0.03,1.01,-1.68,190.7,190.94,205.44,205.38,1.04,1.19,0.32,0.55
1000.0,8000.0,3,3,7436.68,22.45,40.01,1.0,0.0,0.0,0.0,0.03,1.01,-1.71,190.84,190.8,206.34,206.07,1.04,1.19,0.31,0.54
1000.0,8000.0,3,3,7444.84,22.04,40.01,1.0,0.0,0.0,0.0,0.03,1.01,-1.7,190.67,191.07,204.71,204.47,1.05,1.19,0.31,0.55
1000.0,8000.0,3,3,7452.36,22.47,40.01,1.0,0.0,0.0,0.0,0.03,1.0,-1.68,191.02,191.36,207.13,206.89,1.04,1.18,0.32,0.55
1000.0,8000.0,3,3,7459.69,22.07,40.01,1.0,0.0,0.0,0.0,0.03,1.0,-1.7,191.0,191.52,206.57,206.44,1.05,1.19,0.32,0.54
1000.0,8000.0,3,3,7469.8,22.44,40.01,1.0,0.0,0.0,0.0,0.03,1.0,-1.7,191.26,191.85,205.52,205.48,1.05,1.19,0.32,0.54
1000.0,8000.0,3,3,7475.82,22.03,40.01,1.0,0.0,0.0,0.0,0.03,1.0,-1.7,191.58,192.14,208.3,208.48,1.05,1.18,0.32,0.54
1000.0,8000.0,3,3,7486.24,22.08,40.01,1.0,0.0,0.0,0.0,0.03,1.0,-1.71,191.97,192.33,205.34,205.63,1.05,1.19,0.32,0.54
1000.0,8000.0,3,3,7493.07,22.41,40.01,1.0,0.0,0.0,0.0,0.03,0.99,-1.7,192.25,192.44,208.45,208.48,1.05,1.18,0.33,0.54
1000.0,8000.0,3,3,7500.66,22.01,40.01,1.0,0.0,0.0,0.0,0.03,0.99,-1.71,192.44,192.51,207.52,207.55,1.06,1.18,0.32,0.53
1000.0,8000.0,3,3,7511.78,22.51,40.01,1.0,0.0,0.0,0.0,0.03,0.99,-1.7,192.85,192.92,206.72,206.48,1.05,1.18,0.33,0.53
1000.0,8000.0,3,3,7518.53,22.12,40.01,1.0,0.0,0.0,0.0,0.04,0.99,-1.7,192.88,193.21,209.68,209.57,1.05,1.18,0.33,0.53
1000.0,8000.0,3,3,7528.8,22.36,40.01,1.0,0.0,0.0,0.0,0.04,0.99,-1.71,193.04,193.2,206.8,206.65,1.06,1.18,0.33,0.53
1000.0,8000.0,3,3,7528.8,22.36,40.01,1.0,0.0,0.0,0.0,0.04,0.99,-1.69,193.35,193.58,208.75,208.22,1.06,1.17,0.34,0.53
1000.0,8000.0,3,3,7536.83,21.99,40.01,1.0,0.0,0.0,0.0,0.04,0.98,-1.71,193.48,193.68,209.79,210.04,1.06,1.18,0.33,0.53
1000.0,8000.0,3,3,7543.7,22.49,40.01,1.0,0.0,0.0,0.0,0.04,0.98,-1.71,193.95,193.88,210.05,210.08,1.06,1.18,0.33,0.53
1000.0,8000.0,3,3,7553.85,22.17,40.01,1.0,0.0,0.0,0.0,0.04,0.98,-1.71,193.87,194.22,208.74,209.29,1.06,1.18,0.33,0.53
1000.0,8000.0,3,3,7559.46,22.1,40.01,1.0,0.0,0.0,0.0,0.04,0.98,-1.72,193.95,194.2,209.03,209.45,1.07,1.17,0.33,0.52
1000.0,8000.0,3,3,7569.3,22.4,40.01,1.0,0.0,0.0,0.0,0.04,0.98,-1.69,194.53,194.57,209.42,209.36,1.06,1.17,0.34,0.53
1000.0,8000.0,3,3,7579.04,21.99,40.01,1.0,0.0,0.0,0.0,0.04,0.98,-1.7,194.33,194.55,209.58,209.87,1.07,1.17,0.34,0.53
1000.0,8000.0,3,3,7586.59,22.49,40.01,1.0,0.0,0.0,0.0,0.05,0.98,-1.7,194.44,195.15,210.36,210.67,1.08,1.18,0.34,0.53
1000.0,8000.0,3,3,7599.66,22.16,40.01,1.0,0.0,0.0,0.0,0.05,0.97,-1.7,195.29,195.26,208.6,208.6,1.11,1.2,0.34,0.53
1000.0,8000.0,3,3,7606.64,22.3,40.01,1.0,0.0,0.0,0.0,0.05,0.98,-1.68,195.55,195.25,212.07,211.95,1.13,1.22,0.34,0.53
1000.0,8000.0,3,3,7614.22,22.07,40.01,1.0,0.0,0.0,0.0,0.05,0.97,-1.7,195.83,195.35,208.5,209.73,1.13,1.22,0.35,0.53
1000.0,8000.0,3,3,7617.27,22.44,40.01,1.0,0.0,0.0,0.0,0.05,0.98,-1.69,195.4,195.51,209.39,210.14,1.11,1.21,0.37,0.55
1000.0,8000.0,3,3,7617.29,22.04,40.01,0.0,0.0,0.0,0.0,0.05,0.98,-1.67,195.9,195.8,211.67,211.43,1.1,1.19,0.38,0.57
1000.0,8000.0,3,3,7626.22,22.5,40.01,0.0,0.0,0.0,0.0,0.05,0.97,-1.67,196.24,195.96,208.92,208.53,1.1,1.19,0.39,0.58
1000.0,8000.0,3,3,7558.28,19.27,40.01,0.0,0.0,0.0,0.0,0.05,0.95,-1.66,196.33,196.15,204.46,205.71,1.1,1.18,0.4,0.59
1000.0,8000.0,3,3,7457.4,17.67,40.01,0.0,0.0,0.0,0.0,0.05,0.93,-1.63,195.83,196.27,196.62,198.3,1.09,1.17,0.44,0.6
1000.0,8000.0,3,3,7323.74,15.97,40.01,0.0,0.0,0.0,0.0,0.05,0.9,-1.64,196.71,196.29,196.48,196.42,1.1,1.19,0.49,0.61
1000.0,8000.0,3,3,7218.91,14.37,40.01,0.0,0.0,0.0,0.0,0.05,0.86,-1.69,196.92,196.17,194.31,194.01,1.11,1.2,0.52,0.6
1000.0,8000.0,3,3,7168.43,12.77,40.01,0.0,0.0,0.0,0.0,0.05,0.81,-1.68,196.88,196.07,191.91,191.93,1.12,1.2,0.56,0.58
1000.0,8000.0,3,3,7141.94,11.07,40.01,0.0,0.0,0.0,0.0,0.05,0.75,-1.69,196.88,196.11,194.49,195.72,1.14,1.2,0.59,0.58
1000.0,8000.0,3,3,7125.34,9.47,40.01,0.0,0.0,0.0,0.0,0.05,0.69,-1.74,196.16,196.0,194.42,195.52,1.18,1.21,0.6,0.6
1000.0,8000.0,3,3,7125.34,9.47,40.01,0.0,0.0,0.0,0.0,0.05,0.62,-1.76,196.34,196.39,193.29,192.21,1.21,1.2,0.62,0.59
1000.0,8000.0,3,3,7105.83,7.87,40.01,0.0,0.0,0.0,0.0,0.04,0.56,-1.75,196.0,195.93,194.18,191.89,1.21,1.18,0.63,0.61
1000.0,8000.0,3,3,7074.97,6.27,40.01,0.0,0.0,0.0,0.0,0.04,0.49,-1.74,196.92,195.87,192.33,189.37,1.2,1.17,0.67,0.63
1000.0,8000.0,3,3,7039.08,4.67,40.01,0.0,0.0,0.0,0.0,0.04,0.42,-1.78,197.25,195.7,193.37,191.11,1.25,1.18,0.72,0.62
1000.0,8000.0,3,3,7018.88,3.07,40.01,0.0,0.0,0.0,0.0,0.04,0.37,-1.81,196.7,195.66,192.58,191.46,1.33,1.18,0.76,0.62
1000.0,8000.0,3,3,6996.11,1.47,40.01,0.0,0.0,0.0,0.0,0.04,0.32,-1.83,196.24,195.74,191.08,189.31,1.39,1.19,0.78,0.63
1000.0,8000.0,3,3,6980.9,0.0,40.01,0.0,0.0,0.0,0.0,0.03,0.27,-1.8,197.06,195.96,194.07,191.7,1.44,1.22,0.8,0.62
1000.0,8000.0,3,3,6986.63,0.0,40.01,0.0,0.0,0.0,0.0,0.03,0.22,-1.78,197.09,196.38,195.06,194.48,1.48,1.26,0.85,0.61
1000.0,8000.0,3,3,6993.54,0.0,40.01,0.0,0.0,0.0,0.0,0.03,0.18,-1.8,196.77,195.58,194.2,194.09,1.52,1.33,0.91,0.63
1000.0,8000.0,3,3,7002.85,0.0,40.01,0.0,0.0,0.0,0.0,0.02,0.13,-1.78,196.09,194.99,194.4,194.69,1.55,1.37,0.96,0.7
1000.0,8000.0,3,3,7015.68,0.0,40.01,0.0,0.0,0.0,0.0,0.02,0.09,-1.78,196.18,195.42,194.74,194.78,1.59,1.39,0.99,0.76
1000.0,8000.0,3,3,7022.12,0.0,40.01,0.0,0.0,0.0,0.0,0.02,0.04,-1.75,196.6,196.24,194.31,193.9,1.64,1.42,1.04,0.82
1000.0,8000.0,3,3,7023.83,0.0,40.01,0.0,0.0,0.0,0.0,0.02,0.01,-1.74,196.52,195.27,195.21,194.54,1.69,1.45,1.09,0.86
1000.0,8000.0,3,3,7023.09,0.0,40.01,0.0,0.0,0.0,0.0,0.01,-0.02,-1.72,196.35,195.42,194.59,194.44,1.72,1.48,1.13,0.89
1000.0,8000.0,3,3,7021.08,0.0,40.01,0.0,0.0,0.0,0.0,0.01,-0.05,-1.7,195.87,195.39,193.84,194.13,1.74,1.53,1.17,0.94
1000.0,8000.0,3,3,7023.6,0.0,40.01,0.0,0.0,0.0,0.0,0.01,-0.08,-1.68,195.91,194.85,192.47,192.72,1.75,1.57,1.19,0.98
1000.0,8000.0,3,3,7023.19,0.0,40.01,0.0,0.0,0.0,0.0,0.01,-0.1,-1.65,195.88,195.15,194.49,194.28,1.75,1.6,1.22,1.02
1000.0,8000.0,3,3,7022.2,0.0,40.01,0.0,0.0,0.0,0.0,0.0,-0.12,-1.62,195.95,195.26,195.38,194.78,1.77,1.63,1.25,1.07
1000.0,8000.0,3,3,7023.34,0.0,40.01,0.0,0.0,0.0,0.0,-0.0,-0.14,-1.59,195.81,195.36,193.65,193.38,1.77,1.65,1.26,1.12
1000.0,8000.0,3,3,7024.18,0.0,40.01,0.0,0.0,0.0,0.0,-0.0,-0.16,-1.56,195.59,195.07,192.67,192.74,1.77,1.67,1.27,1.17
1000.0,8000.0,3,3,7022.06,0.0,40.01,0.0,0.0,0.0,0.0,-0.0,-0.18,-1.5,195.66,194.68,194.41,194.6,1.76,1.7,1.29,1.21
1000.0,8000.0,3,3,7018.77,0.0,40.01,0.0,0.0,0.0,0.0,-0.01,-0.19,-1.46,195.43,195.14,194.6,194.71,1.75,1.72,1.31,1.25
1000.0,8000.0,3,3,7017.39,0.0,40.01,0.0,0.0,0.0,0.0,-0.01,-0.2,-1.41,195.42,194.7,192.97,193.04,1.75,1.73,1.31,1.28
1000.0,8000.0,3,3,7018.51,0.0,40.01,0.0,0.0,0.0,0.0,-0.01,-0.22,-1.35,195.34,194.95,192.22,192.33,1.74,1.72,1.32,1.31
1000.0,8000.0,3,3,7017.2,0.0,40.01,0.0,0.0,0.0,0.0,-0.01,-0.23,-1.29,194.62,194.75,194.39,194.66,1.74,1.72,1.33,1.34
1000.0,8000.0,3,3,7015.02,0.0,40.01,0.0,0.0,0.0,0.0,-0.01,-0.24,-1.22,195.27,194.38,194.77,194.82,1.72,1.71,1.34,1.36
1000.0,8000.0,3,3,7016.31,0.0,40.01,0.0,0.0,0.0,0.0,-0.01,-0.25,-1.15,194.77,194.9,192.57,192.46,1.71,1.7,1.36,1.38
1000.0,8000.0,3,3,7017.26,0.0,40.01,0.0,0.0,0.0,0.0,-0.01,-0.26,-1.09,194.13,194.47,192.29,192.28,1.69,1.69,1.37,1.39
1000.0,8000.0,3,3,7014.56,0.0,40.01,0.0,0.0,0.0,0.0,-0.01,-0.27,-1.02,194.4,193.74,194.51,194.82,1.67,1.68,1.38,1.4
1000.0,8000.0,3,3,7012.69,0.0,40.01,0.0,0.0,0.0,0.0,-0.01,-0.28,-0.98,194.16,193.78,193.89,194.16,1.67,1.68,1.39,1.4
1000.0,8000.0,3,3,7012.05,0.0,40.01,0.0,0.0,0.0,0.0,-0.01,-0.29,-0.91,193.7,194.16,192.16,192.23,1.66,1.66,1.4,1.4
1000.0,8000.0,3,3,7011.82,0.0,40.01,0.0,0.0,0.0,0.0,-0.01,-0.3,-0.89,193.33,193.79,192.62,192.79,1.66,1.64,1.41,1.4
1000.0,8000.0,3,3,7008.37,0.0,40.01,0.0,0.0,0.0,0.0,-0.01,-0.31,-0.85,193.53,193.45,194.4,194.85,1.66,1.62,1.42,1.39
1000.0,8000.0,3,3,7006.53,0.0,40.01,0.0,0.0,0.0,0.0,-0.01,-0.31,-0.84,193.32,193.48,193.49,193.64,1.65,1.6,1.43,1.38
1000.0,8000.0,3,3,7006.65,0.0,40.01,0.0,0.0,0.0,0.0,-0.01,-0.32,-0.8,193.33,193.0,191.77,191.66,1.64,1.57,1.44,1.37
1000.0,8000.0,3,3,7005.32,0.0,40.01,0.0,0.0,0.0,0.0,-0.01,-0.33,-0.81,193.3,192.97,192.81,192.76,1.64,1.56,1.44,1.36
1000.0,8000.0,3,3,7005.32,0.0,40.01,0.0,0.0,0.0,0.0,-0.01,-0.34,-0.8,193.2,193.03,191.6,191.39,1.64,1.56,1.45,1.36
1000.0,8000.0,3,3,7000.69,0.0,40.01,0.0,0.0,0.0,0.0,-0.01,-0.34,-0.81,193.03,193.05,191.55,191.45,1.64,1.55,1.44,1.35
1000.0,8000.0,3,3,6998.18,0.0,40.01,0.0,0.0,0.0,0.0,-0.01,-0.35,-0.82,193.22,193.02,193.3,193.26,1.64,1.54,1.44,1.34
1000.0,8000.0,3,3,6997.07,0.0,40.01,0.0,0.0,0.0,0.0,-0.0,-0.36,-0.84,192.96,192.94,192.0,191.97,1.65,1.53,1.44,1.33
1000.0,8000.0,3,3,6993.17,0.0,40.01,0.0,0.0,0.0,0.0,-0.0,-0.36,-0.86,192.9,192.71,193.9,193.98,1.65,1.53,1.44,1.32
1000.0,8000.0,3,3,6988.43,0.0,40.01,0.0,0.0,0.0,0.0,-0.0,-0.36,-0.88,192.8,192.87,192.8,192.99,1.65,1.53,1.44,1.31
1000.0,8000.0,3,3,6986.78,0.0,40.01,0.0,0.0,0.0,0.0,-0.0,-0.36,-0.91,192.81,192.51,193.19,193.24,1.65,1.53,1.43,1.3
1000.0,8000.0,3,3,6986.21,0.0,40.01,0.0,0.0,0.0,0.0,-0.0,-0.37,-0.93,192.8,192.72,193.15,193.21,1.65,1.54,1.43,1.3
1000.0,8000.0,3,3,6982.03,0.0,40.01,0.0,0.0,0.0,0.0,-0.0,-0.36,-0.95,192.73,192.56,192.39,192.45,1.65,1.54,1.42,1.29
1000.0,8000.0,3,3,6977.62,0.0,40.01,0.0,0.0,0.0,0.0,0.0,-0.36,-0.97,192.68,192.6,192.52,192.57,1.66,1.55,1.41,1.29
1000.0,8000.0,3,3,6976.08,0.0,40.01,0.0,0.0,0.0,0.0,0.0,-0.36,-1.01,192.46,192.61,191.05,191.24,1.66,1.56,1.4,1.29
1000.0,8000.0,3,3,6975.36,0.0,40.01,0.0,0.0,0.0,0.0,0.0,-0.36,-1.04,192.42,192.47,193.16,193.4,1.67,1.57,1.39,1.29
1000.0,8000.0,3,3,6971.65,0.0,40.01,0.0,0.0,0.0,0.0,0.0,-0.36,-1.07,192.67,192.69,190.94,191.15,1.67,1.58,1.38,1.28
1000.0,8000.0,3,3,6967.77,0.0,40.01,0.0,0.0,0.0,0.0,0.0,-0.37,-1.09,192.03,192.25,190.06,190.28,1.68,1.59,1.38,1.28
1000.0,8000.0,3,3,6966.95,0.0,40.01,0.0,0.0,0.0,0.0,0.0,-0.37,-1.1,192.45,192.5,190.07,190.25,1.67,1.6,1.37,1.29
1000.0,8000.0,3,3,6966.86,0.0,40.01,0.0,0.0,0.0,0.0,0.0,-0.37,-1.12,192.05,192.14,190.28,190.36,1.67,1.61,1.36,1.29
1000.0,8000.0,3,3,6964.18,0.0,40.01,0.0,0.0,0.0,0.0,0.0,-0.37,-1.15,191.7,192.21,192.06,192.21,1.67,1.62,1.35,1.29
1000.0,8000.0,3,3,6959.9,0.0,40.01,0.0,0.0,0.0,0.0,0.0,-0.36,-1.17,192.15,192.25,191.69,191.78,1.68,1.63,1.35,1.29
1000.0,8000.0,3,3,6957.33,0.0,40.01,0.0,0.0,0.0,0.0,0.0,-0.37,-1.19,191.83,192.23,190.9,191.1,1.68,1.64,1.34,1.29
1000.0,8000.0,3,3,6957.0,0.0,40.01,0.0,0.0,0.0,0.0,0.0,-0.36,-1.2,191.61,192.12,191.13,191.4,1.68,1.66,1.33,1.29
1000.0,8000.0,3,3,6955.29,0.0,40.01,0.0,0.0,0.0,0.0,0.0,-0.36,-1.21,192.0,191.91,189.68,190.01,1.68,1.67,1.32,1.29
1000.0,8000.0,3,3,6951.29,0.0,40.01,0.0,0.0,0.0,0.0,0.0,-0.36,-1.23,191.82,191.84,189.79,189.97,1.68,1.67,1.32,1.3
1000.0,8000.0,3,3,6948.52,0.0,40.01,0.0,0.0,0.0,0.0,0.0,-0.36,-1.23,191.41,191.82,192.23,192.49,1.68,1.68,1.32,1.3
1000.0,8000.0,3,3,6948.55,0.0,40.01,0.0,0.0,0.0,0.0,0.0,-0.36,-1.24,191.55,191.68,189.51,189.66,1.68,1.68,1.31,1.3
1000.0,8000.0,3,3,6948.37,0.0,40.01,0.0,0.0,0.0,0.0,0.0,-0.36,-1.24,191.31,191.91,191.36,191.64,1.68,1.68,1.31,1.3
1000.0,8000.0,3,3,6944.83,0.0,40.01,0.0,0.0,0.0,0.0,0.0,-0.36,-1.24,191.13,191.83,190.78,190.83,1.68,1.68,1.3,1.3
1000.0,8000.0,3,3,6941.07,0.0,40.01,0.0,0.0,0.0,0.0,0.0,-0.36,-1.24,191.48,191.51,189.38,189.35,1.68,1.68,1.3,1.3
1000.0,8000.0,3,3,6938.72,0.0,40.01,0.0,0.0,0.0,0.0,0.0,-0.36,-1.24,191.39,191.51,190.36,190.4,1.68,1.68,1.3,1.3
1000.0,8000.0,3,3,6938.53,0.0,40.01,0.0,0.0,0.0,0.0,0.0,-0.36,-1.24,190.96,191.66,192.13,192.31,1.67,1.68,1.3,1.3
1000.0,8000.0,3,3,6937.14,0.0,40.01,0.0,0.0,0.0,0.0,0.0,-0.36,-1.24,191.28,191.18,191.36,191.48,1.67,1.68,1.3,1.3
1000.0,8000.0,3,3,6932.86,0.0,40.01,0.0,0.0,0.0,0.0,0.0,-0.36,-1.23,191.09,191.19,189.71,189.59,1.67,1.68,1.3,1.3
1000.0,8000.0,3,3,6929.26,0.0,40.01,0.0,0.0,0.0,0.0,0.0,-0.36,-1.23,190.79,191.21,189.04,189.02,1.67,1.68,1.3,1.3
1000.0,8000.0,3,3,6928.38,0.0,40.01,0.0,0.0,0.0,0.0,0.0,-0.36,-1.22,190.66,191.22,190.01,189.97,1.67,1.67,1.3,1.3
1000.0,8000.0,3,3,6927.92,0.0,40.01,0.0,0.0,0.0,0.0,0.0,-0.37,-1.21,190.96,190.66,189.81,189.83,1.67,1.67,1.3,1.3
1000.0,8000.0,3,3,6925.3,0.0,40.01,0.0,0.0,0.0,0.0,0.0,-0.37,-1.21,190.87,191.02,191.36,191.48,1.66,1.67,1.3,1.3
1000.0,8000.0,3,3,6920.65,0.0,40.01,0.0,0.0,0.0,0.0,0.0,-0.37,-1.2,190.3,191.12,191.86,191.83,1.66,1.67,1.3,1.29
1000.0,8000.0,3,3,6917.98,0.0,40.01,0.0,0.0,0.0,0.0,0.0,-0.37,-1.2,190.14,190.9,188.65,188.69,1.66,1.66,1.3,1.29
1000.0,8000.0,3,3,6917.46,0.0,40.01,0.0,0.0,0.0,0.0,0.0,-0.37,-1.2,190.67,190.34,188.55,188.55,1.66,1.66,1.3,1.29
1000.0,8000.0,3,3,6915.84,0.0,40.01,0.0,0.0,0.0,0.0,0.0,-0.38,-1.19,190.69,190.72,189.29,189.22,1.66,1.66,1.3,1.29
1000.0,8000.0,0,3,6912.04,0.0,40.01,0.0,0.0,0.0,0.0,0.0,-0.38,-1.19,190.13,190.76,191.25,191.22,1.66,1.66,1.3,1.29
1000.0,8000.0,0,3,6902.09,0.0,40.01,0.0,0.0,0.0,0.0,0.0,-0.37,-1.19,189.78,190.52,191.7,191.67,1.66,1.66,1.3,1.29
1000.0,8000.0,0,3,6887.16,0.0,40.01,0.0,0.0,0.0,0.0,0.0,-0.37,-1.19,190.27,190.29,190.82,190.82,1.65,1.66,1.29,1.29
1000.0,8000.0,0,3,6868.14,0.0,40.01,0.0,0.0,0.0,0.0,0.0,-0.37,-1.18,190.25,189.79,190.07,189.91,1.65,1.65,1.29,1.29
1000.0,8000.0,0,3,6846.05,0.0,40.01,0.0,0.0,0.0,0.0,0.0,-0.37,-1.19,190.31,190.06,189.93,189.75,1.65,1.66,1.29,1.29
1000.0,8000.0,0,3,6821.37,0.0,40.01,0.0,0.0,0.0,0.0,0.0,-0.37,-1.2,190.34,190.13,190.09,190.15,1.66,1.66,1.29,1.29
1000.0,8000.0,0,3,6794.74,0.0,40.01,0.0,0.0,0.0,0.0,0.0,-0.37,-1.21,190.07,190.12,190.25,190.09,1.66,1.67,1.28,1.29
1000.0,8000.0,0,3,6766.49,0.0,40.01,0.0,0.0,0.0,0.0,0.0,-0.36,-1.21,189.83,190.19,190.1,190.01,1.66,1.67,1.28,1.29
1000.0,8000.0,0,3,6736.94,0.0,40.01,0.0,0.0,0.0,0.0,0.0,-0.36,-1.21,189.62,190.02,190.05,190.17,1.65,1.67,1.28,1.29
1000.0,8000.0,0,3,6706.42,0.0,40.01,0.0,0.0,0.0,0.0,0.0,-0.36,-1.21,189.57,189.73,189.99,190.11,1.65,1.67,1.28,1.29
1000.0,8000.0,0,3,6674.88,0.0,40.01,0.0,0.0,0.0,0.0,0.0,-0.36,-1.22,189.88,189.56,189.85,189.77,1.65,1.67,1.28,1.29
1000.0,8000.0,0,3,6642.75,0.0,40.01,0.0,0.0,0.0,0.0,0.0,-0.35,-1.23,189.91,189.77,189.82,189.58,1.65,1.67,1.28,1.29
1000.0,8000.0,0,3,6610.16,0.0,40.01,0.0,0.0,0.0,0.0,0.0,-0.35,-1.24,189.9,189.89,189.63,189.6,1.65,1.67,1.28,1.29
1000.0,8000.0,0,3,6577.18,0.0,40.01,0.0,0.0,0.0,0.0,0.0,-0.35,-1.25,189.86,189.65,189.66,189.73,1.66,1.68,1.27,1.29
1000.0,8000.0,0,3,6543.58,0.0,40.01,0.0,0.0,0.0,0.0,0.0,-0.35,-1.25,189.77,189.51,189.62,189.72,1.66,1.68,1.27,1.29
1000.0,8000.0,0,3,6509.82,0.0,40.01,0.0,0.0,0.0,0.0,0.0,-0.34,-1.25,189.34,189.48,189.49,189.62,1.66,1.68,1.27,1.29
1000.0,8000.0,0,3,6475.94,0.0,40.01,0.0,0.0,0.0,0.0,0.0,-0.34,-1.25,189.15,189.48,189.5,189.41,1.66,1.68,1.27,1.28
1000.0,8000.0,0,3,6441.49,0.0,40.01,0.0,0.0,0.0,0.0,0.0,-0.34,-1.26,189.2,189.12,189.49,189.46,1.66,1.68,1.27,1.28
1000.0,8000.0,0,3,6407.08,0.0,40.01,0.0,0.0,0.0,0.0,0.0,-0.34,-1.26,189.1,189.42,189.5,189.41,1.66,1.68,1.27,1.28
1000.0,8000.0,0,3,6372.71,0.0,40.01,0.0,0.0,0.0,0.0,0.0,-0.34,-1.26,188.97,189.09,189.38,189.38,1.66,1.68,1.27,1.28
1000.0,8000.0,0,3,6338.03,0.0,40.01,0.0,0.0,0.0,0.0,0.0,-0.33,-1.26,189.22,189.06,189.37,189.21,1.66,1.67,1.27,1.28
1000.0,8000.0,0,3,6303.46,0.0,40.01,0.0,0.0,0.0,0.0,0.0,-0.33,-1.27,188.89,189.07,189.27,189.2,1.67,1.67,1.27,1.27
1000.0,8000.0,0,3,6303.46,0.0,40.01,0.0,0.0,0.0,0.0,0.0,-0.33,-1.27,189.23,189.2,189.24,189.22,1.67,1.67,1.27,1.27
1000.0,8000.0,0,3,6268.78,0.0,40.01,0.0,0.0,0.0,0.0,0.0,-0.33,-1.27,189.21,189.09,189.17,189.06,1.67,1.67,1.27,1.27
1000.0,8000.0,0,3,6233.88,0.0,40.01,0.0,0.0,0.0,0.0,0.0,-0.33,-1.27,189.08,188.8,189.12,189.02,1.67,1.67,1.27,1.27
1000.0,8000.0,0,3,6198.68,0.0,40.01,0.0,0.0,0.0,0.0,0.0,-0.32,-1.27,188.68,188.81,189.06,189.07,1.66,1.67,1.27,1.27
1000.0,8000.0,0,3,6163.39,0.0,40.01,0.0,0.0,0.0,0.0,0.0,-0.32,-1.26,188.94,188.91,189.02,188.9,1.67,1.67,1.27,1.27
1000.0,8000.0,0,3,6128.15,0.0,40.01,0.0,0.0,0.0,0.0,0.0,-0.32,-1.26,188.58,188.58,188.81,188.87,1.67,1.67,1.27,1.27
1000.0,8000.0,0,3,6092.84,0.0,40.01,0.0,0.0,0.0,0.0,0.0,-0.32,-1.26,188.43,188.57,188.87,188.78,1.66,1.66,1.27,1.27
1000.0,8000.0,0,3,6057.01,0.0,40.01,0.0,0.0,0.0,0.0,0.0,-0.32,-1.26,188.66,188.69,188.77,188.54,1.66,1.66,1.27,1.27
1000.0,8000.0,0,3,6021.36,0.0,40.01,0.0,0.0,0.0,0.0,0.0,-0.32,-1.26,188.59,188.66,188.7,188.54,1.66,1.66,1.28,1.26
1000.0,8000.0,0,3,5985.29,0.0,40.01,0.0,0.0,0.0,0.0,0.0,-0.32,-1.26,188.53,188.59,188.64,188.49,1.66,1.66,1.27,1.26
1000.0,8000.0,0,3,5949.34,0.0,40.01,0.0,0.0,0.0,0.0,0.0,-0.32,-1.26,188.56,188.24,188.47,188.52,1.66,1.66,1.27,1.26
1000.0,8000.0,0,3,5913.28,0.0,40.01,0.0,0.0,0.0,0.0,0.0,-0.32,-1.26,188.33,187.87,188.47,188.33,1.66,1.66,1.26,1.27
1000.0,8000.0,0,3,5877.25,0.0,40.01,0.0,0.0,0.0,0.0,0.0,-0.32,-1.26,188.53,188.0,188.41,188.23,1.66,1.66,1.26,1.26
1000.0,8000.0,0,3,5841.36,0.0,40.01,0.0,0.0,0.0,0.0,0.0,-0.32,-1.26,188.3,188.09,188.38,188.35,1.66,1.66,1.27,1.26
1000.0,8000.0,0,3,5805.36,0.0,40.01,0.0,0.0,0.0,0.0,0.0,-0.32,-1.26,187.92,187.8,188.25,188.21,1.66,1.66,1.26,1.26
1000.0,8000.0,0,3,5769.41,0.0,40.01,0.0,0.0,0.0,0.0,0.0,-0.32,-1.27,188.0,187.95,188.17,188.23,1.66,1.66,1.26,1.26
1000.0,8000.0,0,3,5733.61,0.0,40.01,0.0,0.0,0.0,0.0,0.0,-0.32,-1.27,187.96,188.16,188.13,188.08,1.66,1.67,1.26,1.26
1000.0,8000.0,0,3,5698.05,0.0,40.01,0.0,0.0,0.0,0.0,0.0,-0.31,-1.27,187.95,187.89,188.05,187.89,1.66,1.67,1.26,1.26
1000.0,8000.0,0,3,5662.13,0.0,40.01,0.0,0.0,0.0,0.0,0.0,-0.31,-1.27,188.11,187.56,188.02,187.93,1.66,1.67,1.26,1.26
1000.0,8000.0,0,3,5626.38,0.0,40.01,0.0,0.0,0.0,0.0,0.0,-0.31,-1.27,188.04,187.61,187.97,187.82,1.66,1.66,1.26,1.26
1000.0,8000.0,0,3,5590.88,0.0,40.01,0.0,0.0,0.0,0.0,0.0,-0.31,-1.28,187.85,187.51,187.9,187.81,1.66,1.67,1.26,1.26
1000.0,8000.0,0,3,5555.48,0.0,40.01,0.0,0.0,0.0,0.0,0.0,-0.31,-1.28,187.79,187.55,187.82,187.73,1.67,1.67,1.26,1.26
1000.0,8000.0,0,3,5520.06,0.0,40.01,0.0,0.0,0.0,0.0,0.0,-0.31,-1.29,187.83,187.67,187.75,187.65,1.67,1.67,1.26,1.26
1000.0,8000.0,0,3,5484.75,0.0,40.01,0.0,0.0,0.0,0.0,0.0,-0.31,-1.29,187.6,187.32,187.76,187.59,1.67,1.66,1.26,1.26
1000.0,8000.0,0,3,5449.29,0.0,40.01,0.0,0.0,0.0,0.0,0.0,-0.31,-1.29,187.51,187.16,187.6,187.46,1.67,1.66,1.26,1.26
1000.0,8000.0,0,3,5413.85,0.0,40.01,0.0,0.0,0.0,0.0,0.0,-0.31,-1.29,187.55,187.33,187.6,187.46,1.67,1.66,1.26,1.26
1000.0,8000.0,0,3,5378.55,0.0,40.01,0.0,0.0,0.0,0.0,0.0,-0.31,-1.29,187.48,187.07,187.5,187.39,1.67,1.66,1.27,1.26
1000.0,8000.0,0,3,5378.55,0.0,40.01,0.0,0.0,0.0,0.0,0.0,-0.31,-1.29,187.35,187.12,187.44,187.41,1.67,1.66,1.27,1.26
1000.0,8000.0,0,3,5343.45,0.0,40.01,0.0,0.0,0.0,0.0,0.0,-0.31,-1.29,187.19,187.11,187.34,187.32,1.67,1.66,1.27,1.25
1000.0,8000.0,0,3,5308.42,0.0,40.01,0.0,0.0,0.0,0.0,0.0,-0.31,-1.29,187.36,186.99,187.27,187.26,1.67,1.66,1.27,1.25
1000.0,8000.0,0,3,5238.42,0.0,40.01,0.0,0.0,0.0,0.0,0.0,-0.3,-1.29,187.21,187.04,187.22,187.21,1.67,1.66,1.27,1.25
1000.0,8000.0,0,3,5203.61,0.0,40.01,0.0,0.0,0.0,0.0,0.0,-0.3,-1.28,187.12,186.82,187.2,187.11,1.67,1.66,1.27,1.25
1000.0,8000.0,0,3,5203.61,0.0,40.01,0.0,0.0,0.0,0.0,0.0,-0.3,-1.28,187.11,186.97,187.1,187.09,1.67,1.66,1.27,1.25
1000.0,8000.0,0,3,5168.86,0.0,40.01,0.0,0.0,0.0,0.0,0.0,-0.3,-1.28,186.94,186.73,187.06,187.02,1.67,1.66,1.27,1.25
1000.0,8000.0,0,3,5134.06,0.0,40.01,0.0,0.0,0.0,0.0,0.0,-0.3,-1.28,186.98,186.88,186.87,186.88,1.67,1.66,1.27,1.25
1000.0,8000.0,0,3,5099.34,0.0,40.01,0.0,0.0,0.0,0.0,0.0,-0.3,-1.28,186.63,186.32,186.99,186.88,1.67,1.66,1.27,1.25
1000.0,8000.0,0,3,5064.75,0.0,40.01,0.0,0.0,0.0,0.0,0.0,-0.3,-1.28,186.84,186.69,186.86,186.8,1.67,1.66,1.27,1.25
1000.0,8000.0,0,3,5030.19,0.0,40.01,0.0,0.0,0.0,0.0,0.0,-0.3,-1.28,186.83,186.51,186.77,186.79,1.67,1.66,1.27,1.25
1000.0,8000.0,0,3,4995.6,0.0,40.01,0.0,0.0,0.0,0.0,0.0,-0.3,-1.28,186.6,186.45,186.71,186.77,1.67,1.66,1.27,1.25
1000.0,8000.0,0,3,4961.06,0.0,40.01,0.0,0.0,0.0,0.0,0.0,-0.3,-1.27,186.24,186.4,186.65,186.65,1.67,1.66,1.27,1.25
1000.0,8000.0,0,3,4926.65,0.0,40.01,0.0,0.0,0.0,0.0,0.0,-0.3,-1.27,186.54,185.98,186.59,186.63,1.67,1.66,1.27,1.25
1000.0,8000.0,0,3,4892.6,0.0,40.01,0.0,0.0,0.0,0.0,0.0,-0.3,-1.27,186.44,186.38,186.46,186.49,1.67,1.66,1.27,1.25
1000.0,8000.0,0,3,4858.52,0.0,40.01,0.0,0.0,0.0,0.0,0.0,-0.3,-1.27,186.3,185.86,186.48,186.42,1.67,1.65,1.27,1.25
1000.0,8000.0,0,3,4824.34,0.0,40.01,0.0,0.0,0.0,0.0,0.0,-0.3,-1.27,186.28,185.82,186.37,186.32,1.67,1.66,1.27,1.25
1000.0,8000.0,0,3,4790.18,0.0,40.01,0.0,0.0,0.0,0.0,0.0,-0.3,-1.27,186.2,186.15,186.28,186.26,1.67,1.66,1.27,1.25
1000.0,8000.0,0,3,4756.1,0.0,40.01,0.0,0.0,0.0,0.0,0.0,-0.3,-1.27,186.13,186.09,186.22,186.32,1.67,1.65,1.27,1.25
1000.0,8000.0,0,3,4722.03,0.0,40.01,0.0,0.0,0.0,0.0,0.0,-0.3,-1.27,186.05,186.1,186.15,186.25,1.67,1.65,1.27,1.25
1000.0,8000.0,0,3,4688.29,0.0,40.01,0.0,0.0,0.0,0.0,0.0,-0.3,-1.27,185.99,186.0,186.09,186.12,1.67,1.65,1.27,1.25
1000.0,8000.0,0,3,4654.44,0.0,40.01,0.0,0.0,0.0,0.0,0.0,-0.3,-1.27,186.15,186.08,186.12,186.06,1.67,1.65,1.27,1.25
1000.0,8000.0,0,3,4620.57,0.0,40.01,0.0,0.0,0.0,0.0,0.0,-0.3,-1.27,186.07,185.82,186.08,186.01,1.67,1.66,1.27,1.25
1000.0,8000.0,0,3,4586.76,0.0,40.01,0.0,0.0,0.0,0.0,0.0,-0.3,-1.27,185.78,185.67,185.99,185.94,1.67,1.66,1.27,1.25
1000.0,8000.0,0,3,4552.94,0.0,40.01,0.0,0.0,0.0,0.0,0.0,-0.3,-1.27,185.62,185.5,185.9,185.88,1.67,1.66,1.27,1.25
1000.0,8000.0,0,3,4519.45,0.0,40.01,0.0,0.0,0.0,0.0,-0.0,-0.3,-1.28,185.71,185.65,185.87,185.82,1.67,1.66,1.27,1.25
1000.0,8000.0,0,3,4485.83,0.0,40.01,0.0,0.0,0.0,0.0,-0.0,-0.3,-1.28,185.86,185.65,185.87,185.71,1.67,1.66,1.27,1.25
1000.0,8000.0,0,3,4452.19,0.0,40.01,0.0,0.0,0.0,0.0,-0.0,-0.3,-1.28,185.63,185.52,185.55,185.7,1.67,1.66,1.27,1.25
1000.0,8000.0,0,3,4418.86,0.0,40.01,0.0,0.0,0.0,0.0,-0.0,-0.3,-1.28,185.65,185.58,185.55,185.7,1.67,1.66,1.27,1.25
1000.0,8000.0,0,3,4385.52,0.0,40.01,0.0,0.0,0.0,0.0,-0.0,-0.3,-1.28,185.78,185.54,185.55,185.63,1.67,1.66,1.27,1.25
1000.0,8000.0,0,3,4352.12,0.0,40.01,0.0,0.0,0.0,0.0,-0.0,-0.3,-1.28,185.38,185.14,185.46,185.56,1.67,1.66,1.27,1.25
1000.0,8000.0,0,3,4319.0,0.0,40.01,0.0,0.0,0.0,0.0,-0.0,-0.3,-1.28,185.22,185.06,185.41,185.48,1.67,1.66,1.27,1.25
1000.0,8000.0,0,3,4285.74,0.0,40.01,0.0,0.0,0.0,0.0,-0.0,-0.3,-1.28,185.48,185.42,185.43,185.45,1.67,1.66,1.27,1.25
1000.0,8000.0,0,3,4252.44,0.0,40.01,0.0,0.0,0.0,0.0,-0.0,-0.29,-1.29,185.16,185.2,185.35,185.34,1.67,1.66,1.27,1.25
1000.0,8000.0,0,3,4219.14,0.0,40.01,0.0,0.0,0.0,0.0,-0.0,-0.29,-1.28,185.4,185.34,185.22,185.36,1.67,1.66,1.27,1.25
1000.0,8000.0,0,3,4185.82,0.0,40.01,0.0,0.0,0.0,0.0,-0.0,-0.29,-1.28,185.48,185.35,185.1,185.18,1.67,1.66,1.27,1.25
1000.0,8000.0,0,3,4152.8,0.0,40.01,0.0,0.0,0.0,0.0,-0.0,-0.29,-1.28,184.9,184.86,185.18,185.24,1.67,1.66,1.27,1.25
1000.0,8000.0,0,3,4119.67,0.0,40.01,0.0,0.0,0.0,0.0,-0.0,-0.29,-1.28,185.01,184.92,185.05,185.12,1.67,1.66,1.27,1.25
1000.0,8000.0,0,3,4086.49,0.0,40.01,0.0,0.0,0.0,0.0,-0.0,-0.29,-1.28,184.73,184.81,185.01,185.03,1.67,1.66,1.27,1.25
1000.0,8000.0,0,3,4053.34,0.0,40.01,0.0,0.0,0.0,0.0,-0.0,-0.29,-1.28,184.89,184.79,184.91,184.99,1.67,1.66,1.27,1.25
1000.0,8000.0,0,3,4020.49,0.0,40.01,0.0,0.0,0.0,0.0,-0.0,-0.29,-1.27,185.0,184.9,184.94,184.96,1.67,1.66,1.27,1.25
1000.0,8000.0,0,3,3987.56,0.0,40.01,0.0,0.0,0.0,0.0,-0.0,-0.29,-1.27,184.82,184.83,184.76,184.81,1.67,1.66,1.27,1.25
1000.0,8000.0,0,3,3987.56,0.0,40.01,0.0,0.0,0.0,0.0,-0.0,-0.29,-1.27,184.48,184.65,184.74,184.81,1.67,1.66,1.27,1.26
1000.0,8000.0,0,3,3954.55,0.0,40.01,0.0,0.0,0.0,0.0,-0.0,-0.29,-1.27,184.69,184.74,184.68,184.79,1.67,1.66,1.27,1.25
1000.0,8000.0,0,3,3921.51,0.0,40.01,0.0,0.0,0.0,0.0,-0.0,-0.29,-1.27,184.37,184.34,184.66,184.65,1.67,1.66,1.27,1.26
1000.0,8000.0,0,3,3888.49,0.0,40.01,0.0,0.0,0.0,0.0,-0.0,-0.29,-1.27,184.45,184.43,184.57,184.63,1.66,1.66,1.27,1.26
1000.0,8000.0,0,3,3855.79,0.0,40.01,0.0,0.0,0.0,0.0,-0.0,-0.29,-1.27,184.65,184.73,184.54,184.6,1.67,1.66,1.27,1.26
1000.0,8000.0,0,3,3823.02,0.0,40.01,0.0,0.0,0.0,0.0,-0.0,-0.29,-1.27,184.39,184.2,184.44,184.55,1.67,1.66,1.27,1.26
1000.0,8000.0,0,3,3790.17,0.0,40.01,0.0,0.0,0.0,0.0,-0.0,-0.29,-1.27,184.21,184.2,184.43,184.47,1.67,1.66,1.27,1.26
1000.0,8000.0,0,3,3757.3,0.0,40.01,0.0,0.0,0.0,0.0,-0.0,-0.29,-1.27,184.31,184.18,184.34,184.39,1.67,1.66,1.27,1.25
1000.0,8000.0,0,3,3724.45,0.0,40.01,0.0,0.0,0.0,0.0,-0.0,-0.29,-1.27,184.08,184.19,184.29,184.3,1.67,1.66,1.27,1.25
1000.0,8000.0,0,3,3691.61,0.0,40.01,0.0,0.0,0.0,0.0,-0.0,-0.29,-1.27,183.91,184.24,184.28,184.28,1.66,1.66,1.27,1.25
1000.0,8000.0,0,3,3658.73,0.0,40.01,0.0,0.0,0.0,0.0,-0.0,-0.29,-1.27,183.92,184.12,184.14,184.23,1.67,1.66,1.27,1.26
1000.0,8000.0,0,3,3625.58,0.0,40.01,0.0,0.0,0.0,0.0,-0.0,-0.29,-1.27,184.2,184.13,184.08,184.12,1.67,1.66,1.27,1.26
1000.0,8000.0,0,3,3592.52,0.0,40.01,0.0,0.0,0.0,0.0,-0.0,-0.29,-1.27,183.91,184.35,183.98,184.0,1.66,1.66,1.27,1.26
1000.0,8000.0,0,3,3559.49,0.0,40.01,0.0,0.0,0.0,0.0,-0.0,-0.29,-1.27,183.84,183.82,183.98,184.02,1.66,1.66,1.26,1.26
1000.0,8000.0,0,3,3526.54,0.0,40.01,0.0,0.0,0.0,0.0,-0.0,-0.29,-1.27,184.03,184.06,183.9,184.03,1.67,1.66,1.26,1.26
1000.0,8000.0,0,3,3493.36,0.0,40.01,0.0,0.0,0.0,0.0,-0.0,-0.29,-1.27,183.59,183.59,183.78,183.9,1.67,1.66,1.26,1.26
1000.0,8000.0,0,3,3493.36,0.0,40.01,0.0,0.0,0.0,0.0,-0.0,-0.29,-1.27,183.78,183.87,183.75,183.8,1.67,1.66,1.26,1.26
1000.0,8000.0,0,3,3460.27,0.0,40.01,0.0,0.0,0.0,0.0,-0.0,-0.29,-1.27,183.87,183.94,183.72,183.79,1.66,1.66,1.26,1.26
1000.0,8000.0,0,3,3427.28,0.0,40.01,0.0,0.0,0.0,0.0,-0.0,-0.29,-1.27,183.26,183.39,183.71,183.67,1.66,1.66,1.26,1.26
1000.0,8000.0,0,3,3394.42,0.0,40.01,0.0,0.0,0.0,0.0,-0.0,-0.29,-1.28,183.45,183.71,183.63,183.55,1.66,1.66,1.27,1.26
1000.0,8000.0,0,3,3361.63,0.0,40.01,0.0,0.0,0.0,0.0,-0.0,-0.29,-1.28,183.51,183.9,183.59,183.49,1.67,1.67,1.27,1.26
1000.0,8000.0,0,3,3328.88,0.0,40.01,0.0,0.0,0.0,0.0,-0.0,-0.29,-1.28,183.25,183.21,183.51,183.42,1.67,1.67,1.27,1.26
1000.0,8000.0,0,3,3295.91,0.0,40.01,0.0,0.0,0.0,0.0,-0.0,-0.29,-1.28,183.45,183.37,183.46,183.49,1.66,1.66,1.26,1.26
1000.0,8000.0,0,3,3263.06,0.0,40.01,0.0,0.0,0.0,0.0,-0.0,-0.29,-1.28,183.04,183.03,183.47,183.53,1.67,1.66,1.26,1.26
1000.0,8000.0,0,3,3230.29,0.0,40.01,0.0,0.0,0.0,0.0,-0.0,-0.29,-1.28,183.33,183.43,183.39,183.45,1.67,1.67,1.27,1.26
1000.0,8000.0,0,3,3197.61,0.0,40.01,0.0,0.0,0.0,0.0,-0.0,-0.29,-1.27,182.98,183.08,183.22,183.35,1.66,1.66,1.27,1.26
1000.0,8000.0,0,3,3165.04,0.0,40.01,0.0,0.0,0.0,0.0,-0.0,-0.29,-1.27,183.07,183.01,183.18,183.3,1.66,1.66,1.26,1.26
1000.0,8000.0,0,3,3132.53,0.0,40.01,0.0,0.0,0.0,0.0,-0.0,-0.29,-1.27,183.03,183.07,183.2,183.25,1.66,1.66,1.26,1.26
1000.0,8000.0,0,3,3100.07,0.0,40.01,0.0,0.0,0.0,0.0,-0.0,-0.29,-1.27,183.2,183.3,183.14,183.12,1.66,1.66,1.26,1.26
1000.0,8000.0,0,3,3067.67,0.0,40.01,0.0,0.0,0.0,0.0,-0.0,-0.29,-1.27,182.75,182.76,183.05,183.01,1.66,1.66,1.26,1.26
1000.0,8000.0,0,3,3035.35,0.0,40.01,0.0,0.0,0.0,0.0,-0.0,-0.29,-1.27,183.01,183.16,182.93,182.99,1.66,1.66,1.27,1.26
1000.0,8000.0,0,3,3003.07,0.0,40.01,0.0,0.0,0.0,0.0,-0.0,-0.29,-1.27,182.82,183.04,182.98,183.02,1.66,1.66,1.26,1.26
1000.0,8000.0,0,3,2970.82,0.0,40.01,0.0,0.0,0.0,0.0,-0.0,-0.29,-1.27,182.67,182.4,182.92,182.99,1.66,1.66,1.26,1.26
1000.0,8000.0,0,3,2938.62,0.0,40.01,0.0,0.0,0.0,0.0,-0.0,-0.29,-1.26,182.78,182.78,182.82,182.82,1.66,1.66,1.26,1.26
1000.0,8000.0,0,3,2906.49,0.0,40.01,0.0,0.0,0.0,0.0,-0.0,-0.29,-1.26,182.59,182.4,182.71,182.7,1.66,1.66,1.26,1.26
1000.0,8000.0,0,3,2874.39,0.0,40.01,0.0,0.0,0.0,0.0,-0.0,-0.29,-1.26,182.57,182.59,182.62,182.64,1.66,1.66,1.26,1.26
1000.0,8000.0,0,3,2842.64,0.0,40.01,0.0,0.0,0.0,0.0,-0.0,-0.29,-1.26,182.25,182.63,182.6,182.67,1.66,1.66,1.26,1.26
1000.0,8000.0,0,3,2810.85,0.0,40.01,0.0,0.0,0.0,0.0,-0.0,-0.29,-1.26,182.28,182.19,182.55,182.66,1.66,1.66,1.26,1.26
1000.0,8000.0,0,3,2779.05,0.0,40.01,0.0,0.0,0.0,0.0,-0.0,-0.29,-1.26,182.45,182.38,182.44,182.53,1.66,1.66,1.26,1.26
1000.0,8000.0,0,3,2747.27,0.0,40.01,0.0,0.0,0.0,0.0,-0.0,-0.29,-1.26,182.15,182.27,182.36,182.36,1.66,1.66,1.26,1.27
1000.0,8000.0,0,3,2715.8,0.0,40.01,0.0,0.0,0.0,0.0,-0.0,-0.29,-1.26,182.04,182.14,182.35,182.37,1.66,1.66,1.26,1.27
1000.0,8000.0,0,3,2684.27,0.0,40.01,0.0,0.0,0.0,0.0,-0.0,-0.29,-1.26,182.29,182.14,182.32,182.34,1.66,1.66,1.26,1.27
1000.0,8000.0,0,3,2652.71,0.0,40.01,0.0,0.0,0.0,0.0,-0.0,-0.29,-1.26,181.93,182.03,182.25,182.23,1.66,1.66,1.26,1.26
1000.0,8000.0,0,3,2621.13,0.0,40.01,0.0,0.0,0.0,0.0,-0.0,-0.29,-1.26,182.21,182.39,182.19,182.14,1.66,1.66,1.26,1.27
1000.0,8000.0,0,3,2589.84,0.0,40.01,0.0,0.0,0.0,0.0,-0.0,-0.29,-1.26,182.29,182.23,182.19,182.15,1.66,1.67,1.26,1.27
1000.0,8000.0,0,3,2558.51,0.0,40.01,0.0,0.0,0.0,0.0,-0.0,-0.29,-1.26,181.93,181.79,182.07,182.12,1.66,1.67,1.26,1.26
1000.0,8000.0,0,3,2527.14,0.0,40.01,0.0,0.0,0.0,0.0,-0.0,-0.29,-1.27,181.9,181.99,182.02,181.98,1.66,1.67,1.26,1.26
1000.0,8000.0,0,3,2496.04,0.0,40.01,0.0,0.0,0.0,0.0,-0.0,-0.29,-1.26,182.01,182.25,181.97,181.91,1.66,1.67,1.26,1.27
1000.0,8000.0,0,3,2464.86,0.0,40.01,0.0,0.0,0.0,0.0,-0.0,-0.29,-1.27,181.61,181.83,181.92,181.9,1.66,1.67,1.26,1.27
1000.0,8000.0,0,3,2433.93,0.0,40.01,0.0,0.0,0.0,0.0,-0.0,-0.29,-1.27,181.69,181.56,181.83,181.9,1.66,1.67,1.26,1.27
1000.0,8000.0,0,3,2402.91,0.0,40.01,0.0,0.0,0.0,0.0,-0.0,-0.29,-1.27,181.68,181.84,181.7,181.71,1.66,1.67,1.26,1.27
1000.0,8000.0,0,3,2371.82,0.0,40.01,0.0,0.0,0.0,0.0,-0.0,-0.29,-1.27,181.5,181.78,181.68,181.68,1.66,1.67,1.26,1.27
1000.0,8000.0,0,3,2340.99,0.0,40.01,0.0,0.0,0.0,0.0,-0.0,-0.29,-1.27,181.4,181.52,181.65,181.64,1.66,1.67,1.26,1.27
1000.0,8000.0,0,3,2310.07,0.0,40.01,0.0,0.0,0.0,0.0,-0.0,-0.29,-1.27,181.26,181.14,181.62,181.6,1.66,1.67,1.26,1.27
1000.0,8000.0,0,3,2279.37,0.0,40.01,0.0,0.0,0.0,0.0,-0.0,-0.29,-1.27,181.46,181.62,181.51,181.5,1.66,1.67,1.26,1.27
1000.0,8000.0,0,3,2248.57,0.0,40.01,0.0,0.0,0.0,0.0,-0.0,-0.29,-1.27,181.45,181.49,181.51,181.46,1.66,1.67,1.26,1.27
1000.0,8000.0,0,3,2217.99,0.0,40.01,0.0,0.0,0.0,0.0,-0.0,-0.29,-1.27,181.26,181.38,181.48,181.45,1.66,1.67,1.26,1.26
1000.0,8000.0,0,3,2187.3,0.0,40.01,0.0,0.0,0.0,0.0,-0.0,-0.29,-1.27,181.12,180.96,181.4,181.42,1.66,1.67,1.26,1.27
1000.0,8000.0,0,3,2156.82,0.0,40.01,0.0,0.0,0.0,0.0,-0.0,-0.29,-1.26,181.21,181.07,181.25,181.22,1.66,1.67,1.26,1.27
1000.0,8000.0,0,3,2126.22,0.0,40.01,0.0,0.0,0.0,0.0,-0.0,-0.29,-1.26,181.09,181.37,181.22,181.16,1.66,1.67,1.26,1.27
1000.0,8000.0,0,3,2095.83,0.0,40.01,0.0,0.0,0.0,0.0,-0.0,-0.29,-1.26,180.89,181.11,181.2,181.2,1.66,1.67,1.26,1.27
1000.0,8000.0,0,3,2065.61,0.0,40.01,0.0,0.0,0.0,0.0,-0.0,-0.29,-1.26,180.87,181.0,181.13,181.12,1.66,1.67,1.26,1.27
1000.0,8000.0,0,3,2035.24,0.0,40.01,0.0,0.0,0.0,0.0,-0.0,-0.29,-1.26,180.8,180.58,181.1,181.04,1.66,1.67,1.26,1.27
1000.0,8000.0,0,3,2005.05,0.0,40.01,0.0,0.0,0.0,0.0,-0.0,-0.29,-1.26,180.89,180.81,181.0,181.02,1.66,1.67,1.26,1.27
